0,432,0,0,0,144,240,0,624,0,0,0,0,144,288,912,0,576,0,0,0,0,0,0,336,0,0,144,288,0,144,432,192,0,0,144,144,144,0,0,0,87,0
0,384,0,0,0,144,240,0,624,0,0,0,0,144,288,912,0,576,0,0,0,0,0,0,336,0,0,144,288,0,144,432,192,0,0,144,144,144,0,0,0,39,3
0,432,0,0,0,144,240,0,624,0,0,0,0,144,288,912,0,576,0,0,0,0,0,0,336,0,0,144,288,0,144,432,192,0,0,144,144,144,0,0,0,82,2
0,144,0,192,0,144,384,0,0,192,0,192,240,0,240,144,288,0,288,0,192,144,144,240,144,240,0,384,0,288,0,288,0,192,336,0,0,192,0,0,0,5,2
0,144,144,336,0,0,144,144,144,336,0,0,192,0,240,288,144,0,144,192,288,0,384,0,144,144,288,144,0,192,288,0,144,192,144,240,0,144,0,0,0,82,2
0,144,384,0,0,0,144,144,144,336,0,0,240,0,240,288,144,0,144,192,288,0,384,0,144,144,288,144,0,192,288,0,144,192,144,240,0,144,0,0,0,45,3
0,144,0,336,0,0,144,144,144,336,0,0,240,0,240,288,144,0,144,192,288,0,384,0,144,144,288,144,0,192,288,0,144,192,144,240,0,144,0,0,0,0,5
0,144,384,336,0,0,144,144,0,336,0,0,192,0,240,288,144,0,144,192,288,0,384,0,144,144,288,144,0,192,288,0,144,192,144,192,0,144,0,0,0,125,0
0,192,0,192,0,144,144,192,0,240,0,192,144,144,192,144,144,144,144,144,192,144,144,192,144,288,0,192,144,144,144,192,192,192,192,0,288,0,0,0,0,37,1
0,192,0,192,0,432,0,0,0,240,0,192,288,0,192,144,144,144,144,144,192,384,0,288,0,144,336,0,288,0,192,240,0,192,144,192,0,192,0,0,0,17,2
0,144,144,0,192,0,192,144,0,144,240,192,0,336,0,240,192,0,144,192,480,0,0,192,144,144,144,192,432,0,0,192,144,144,144,192,0,192,0,0,0,14,4
0,288,240,0,192,0,192,0,0,144,240,192,0,336,0,240,192,0,144,336,480,0,0,192,144,144,0,192,432,0,0,192,144,144,144,192,0,192,0,0,0,109,1
0,144,240,0,192,0,192,144,0,144,240,192,0,336,0,240,192,0,144,192,480,0,0,192,144,144,144,192,432,0,0,192,144,144,144,192,0,192,0,0,0,110,0
0,144,144,0,240,0,192,0,144,144,240,192,0,336,0,240,192,0,144,192,480,0,0,192,144,144,144,192,432,0,0,192,144,144,144,192,0,192,0,0,0,18,4
0,192,144,0,240,0,192,144,0,144,240,192,0,336,0,240,192,0,144,144,480,0,0,192,144,288,144,192,432,0,0,336,144,144,144,192,0,0,0,0,0,54,3
0,192,0,192,0,144,144,192,0,240,0,192,144,144,192,144,144,144,144,144,192,144,144,240,384,0,0,576,0,144,0,432,0,0,240,0,288,0,0,0,0,54,3
0,288,0,192,0,144,144,336,0,0,144,144,144,144,192,144,144,288,0,144,192,144,144,240,288,0,144,192,144,144,288,0,144,336,0,192,0,192,0,0,0,128,0
0,192,0,192,0,144,144,336,0,0,144,144,144,144,192,144,144,288,0,144,192,144,144,240,288,0,144,192,144,480,0,0,144,288,0,192,0,192,0,0,0,54,3
0,144,192,0,0,144,336,0,0,240,0,192,336,0,144,288,0,144,144,144,192,144,144,240,144,480,0,0,144,288,0,288,0,192,144,192,0,192,0,0,0,11,4
0,144,0,192,0,144,144,336,0,0,144,144,144,144,192,144,144,288,0,144,192,144,144,240,144,144,144,144,144,192,288,0,144,336,0,192,0,192,0,0,0,1,0
0,336,0,192,0,144,0,336,0,0,144,144,144,144,192,144,144,288,0,144,192,144,144,240,288,0,144,144,144,480,0,0,144,336,0,192,0,192,0,0,0,49,1
0,144,0,192,0,144,144,336,0,0,144,144,144,144,192,144,144,288,0,144,192,144,144,240,144,144,144,144,144,192,288,0,144,336,0,192,0,192,0,0,0,1,2
0,144,0,192,0,144,144,336,0,0,144,144,144,144,192,144,144,288,0,144,192,144,144,240,288,0,144,192,144,144,288,0,144,336,0,192,0,192,0,0,0,3,4
0,240,0,192,0,144,144,336,0,0,144,144,144,144,192,144,144,288,0,144,192,144,144,192,192,144,144,144,144,192,288,0,144,336,0,192,0,192,0,0,0,82,2
0,192,0,192,0,144,144,336,0,0,144,144,144,144,192,144,144,288,0,144,192,144,144,192,144,144,144,192,144,192,288,0,144,336,0,192,0,192,0,0,0,31,0
0,192,0,192,0,144,144,336,0,0,144,144,144,144,192,144,144,288,0,144,192,144,144,240,288,0,144,144,144,480,0,0,144,336,0,192,0,192,0,0,0,22,4
0,144,0,192,0,144,144,336,0,0,144,144,144,144,192,144,144,288,0,144,192,144,144,240,144,144,144,144,144,192,288,0,144,336,0,192,0,192,0,0,0,0,5
0,192,240,0,0,144,144,144,144,192,0,144,240,0,192,144,144,144,144,144,192,144,144,240,144,288,0,336,0,144,240,192,0,192,144,192,0,192,0,0,0,63,2
0,192,288,0,0,144,144,144,144,192,0,144,240,0,192,144,144,144,144,144,192,144,144,240,144,288,0,336,0,144,240,192,0,192,144,192,0,192,0,0,0,109,1
0,144,0,336,0,0,144,144,144,192,0,144,240,0,240,144,144,144,144,144,192,144,144,240,144,288,0,336,0,144,144,336,0,144,144,192,0,192,0,0,0,5,4
0,144,0,192,0,144,144,144,144,192,0,144,240,0,240,144,144,144,144,144,192,144,144,240,144,240,0,336,0,192,144,144,144,192,144,192,0,192,0,0,0,3,0
0,192,0,192,0,144,144,144,144,192,0,144,240,0,240,144,144,144,144,144,192,144,144,240,144,240,0,336,0,192,144,144,144,192,144,192,0,192,0,0,0,51,1
0,144,0,336,0,0,144,144,192,192,0,144,240,0,192,144,144,144,144,144,192,144,144,240,144,288,0,336,0,144,144,192,144,288,0,384,0,0,0,0,0,11,0
0,144,0,192,0,144,144,144,144,192,0,144,240,0,240,144,144,144,144,144,192,144,144,240,144,240,0,336,0,192,144,144,144,192,144,192,0,192,0,0,0,0,5
0,144,0,192,0,144,144,144,144,192,0,144,240,0,240,144,144,144,144,144,192,144,144,240,144,240,0,336,0,192,144,144,144,192,144,192,0,192,0,0,0,3,1
0,144,0,192,0,144,144,144,144,192,0,144,240,0,240,144,144,144,144,144,192,144,144,240,144,240,0,336,0,192,144,144,144,192,144,192,0,192,0,0,0,3,2
0,144,0,192,0,144,144,144,192,192,0,144,240,0,192,144,144,144,144,144,192,144,144,240,144,288,0,336,0,144,144,192,144,288,0,384,0,0,0,0,0,11,2
0,192,0,192,0,144,144,144,144,192,0,144,240,0,240,144,144,144,144,144,192,144,144,240,144,240,0,336,0,192,144,144,144,192,144,384,0,0,0,0,0,51,3
0,576,0,0,0,0,192,144,144,192,0,144,240,0,384,288,144,0,144,144,192,144,0,240,144,288,0,384,0,192,0,288,0,288,0,384,0,0,0,0,0,54,3
0,240,0,192,0,144,144,144,144,192,0,144,240,0,240,144,144,144,144,144,192,144,144,240,144,240,0,336,0,192,144,144,144,192,144,192,0,192,0,0,0,99,0
0,144,576,0,0,0,144,144,144,192,0,144,240,0,240,144,0,144,144,144,192,144,144,240,144,336,0,384,0,192,0,192,144,288,0,384,0,0,0,0,0,82,2
0,192,0,192,0,144,144,144,144,192,0,144,240,0,240,144,144,144,144,144,192,144,144,192,144,288,0,336,0,192,144,144,144,144,144,192,0,192,144,0,0,31,2
0,144,240,0,144,144,240,0,0,240,0,192,336,0,144,288,0,144,144,144,192,144,144,240,144,480,0,0,144,288,0,288,0,192,144,192,0,192,0,0,0,109,1
0,144,192,0,0,144,144,192,0,240,0,192,336,0,144,144,144,144,144,144,192,144,144,240,144,144,432,0,0,192,144,144,144,192,144,192,0,192,0,0,0,3,2
0,144,336,0,0,144,240,1776,0,0,0,192,336,0,0,288,0,0,144,144,192,0,144,240,144,0,0,0,0,0,0,144,0,192,144,192,0,192,0,0,0,106,1
0,144,240,0,0,144,144,192,0,240,0,192,336,0,144,288,0,144,144,144,192,144,144,240,144,144,288,0,144,192,144,144,144,192,144,192,0,192,0,0,0,49,0
0,144,288,0,0,144,288,0,0,240,0,192,336,0,144,288,0,144,144,144,192,144,144,240,144,192,288,0,144,288,0,288,0,192,144,192,0,192,0,0,0,63,1
0,144,192,0,0,144,144,192,0,240,0,192,336,0,144,144,144,144,144,144,192,144,144,240,144,144,288,0,144,192,144,144,144,192,144,192,0,192,0,0,0,1,2
0,144,336,144,0,624,0,0,336,0,480,0,672,0,0,0,0,0,576,0,0,0,480,0,720,0,0,0,0,0,0,0,0,192,336,0,192,0,0,0,0,17,2
0,240,1824,0,0,0,0,0,0,144,0,0,0,0,624,0,0,0,0,768,0,0,0,192,0,0,0,480,0,240,0,0,432,0,144,0,0,192,0,0,0,65,1
0,144,240,0,0,144,336,0,0,240,0,192,336,0,144,336,0,144,144,144,192,144,144,240,144,480,0,0,144,192,0,288,0,192,144,192,0,192,0,0,0,17,4
0,144,144,0,144,144,240,0,0,240,0,192,336,0,144,144,144,144,144,144,192,144,144,240,144,144,336,0,144,144,144,288,0,192,144,192,0,192,0,0,0,15,0
0,144,192,0,0,144,192,144,0,240,0,192,336,0,144,144,144,144,144,144,192,144,144,240,144,144,336,0,144,144,144,288,0,192,144,192,0,192,0,0,0,11,1
0,144,192,0,0,144,336,0,0,240,0,192,336,0,144,288,0,144,144,144,192,144,144,240,144,432,0,0,144,336,0,288,0,192,144,384,0,0,0,0,0,1,4
0,144,192,0,0,144,144,192,0,240,0,192,336,0,144,144,144,144,144,144,192,144,144,240,144,144,288,0,144,192,144,144,144,192,144,192,0,192,0,0,0,1,4
432,0,0,0,432,0,0,0,192,144,0,192,192,288,0,192,240,0,144,0,240,240,0,288,240,0,336,0,480,0,0,144,288,0,240,0,288,0,0,0,0,12,4
0,144,192,0,0,144,144,192,0,240,0,192,336,0,144,144,144,144,144,144,192,144,144,240,144,144,288,0,144,192,144,144,144,192,144,192,0,192,0,0,0,1,1
0,144,192,0,144,144,240,0,0,192,0,192,336,0,144,144,144,144,144,144,192,192,144,192,144,240,384,0,0,144,144,192,144,144,144,192,0,192,0,0,0,17,2
0,144,144,0,144,144,288,0,0,240,0,192,336,0,144,144,144,144,144,144,192,144,144,240,144,144,288,0,144,288,0,192,144,192,144,192,0,192,0,0,0,39,2
0,144,288,0,0,144,336,0,0,240,0,192,336,0,144,288,0,144,144,144,192,144,144,240,144,432,0,0,144,192,144,288,0,192,144,192,0,192,0,0,0,73,2
0,144,240,0,0,144,336,0,0,240,0,192,336,0,144,288,0,144,144,144,192,144,144,240,144,144,336,0,144,288,0,288,0,192,144,192,0,192,0,0,0,54,3
0,144,288,0,192,144,336,0,0,240,0,192,288,0,144,288,0,144,144,144,192,144,144,240,144,480,0,0,0,288,0,288,0,192,144,192,0,192,0,0,0,112,0
0,144,192,0,0,144,144,192,0,240,0,192,336,0,144,144,144,144,144,144,192,144,144,240,144,144,288,0,144,192,144,144,144,192,144,192,0,192,0,0,0,1,0
0,144,288,0,0,144,240,0,0,240,0,192,336,0,144,288,0,144,144,144,192,144,144,240,144,144,432,0,144,288,0,192,0,192,144,192,0,192,0,0,0,15,3
0,144,144,144,0,144,144,192,0,144,144,144,144,144,192,144,144,144,144,192,144,144,144,240,144,240,0,240,144,144,144,192,144,144,144,192,0,192,0,0,0,106,0
432,0,0,0,384,0,0,0,192,144,0,192,192,288,0,192,240,0,144,144,240,240,0,288,240,0,336,0,480,0,0,144,288,0,528,0,0,0,0,0,0,109,1
0,144,0,192,0,144,144,192,0,144,144,144,144,144,336,0,144,288,0,192,144,144,144,240,144,240,0,192,144,624,0,0,0,192,528,0,0,0,0,0,0,1,2
0,144,0,192,0,144,144,192,0,288,0,144,144,144,336,0,144,288,0,192,144,144,144,240,144,240,0,192,144,624,0,0,0,192,528,0,0,0,0,0,0,1,1
0,240,0,192,0,144,144,192,0,288,0,144,144,144,192,144,144,144,144,192,144,144,144,240,144,240,0,192,144,288,0,192,288,0,336,0,0,240,0,0,0,79,2
0,240,0,192,0,144,144,192,0,288,144,144,144,144,192,0,144,144,144,336,144,0,144,240,144,240,0,192,432,192,0,144,144,0,336,0,0,192,0,0,0,65,1
0,192,0,192,0,144,144,192,0,144,144,144,144,144,144,144,144,144,144,240,144,144,144,240,144,240,0,192,144,288,0,192,288,0,144,432,0,0,0,0,0,22,2
0,288,0,192,0,144,144,192,0,288,0,144,144,144,336,0,144,144,144,192,144,144,144,288,0,240,0,192,144,240,144,240,144,192,0,192,0,192,0,0,0,26,4
0,144,0,192,0,144,144,192,0,288,0,144,144,144,192,144,144,144,144,192,144,144,144,240,144,288,0,192,144,288,0,144,144,192,336,0,0,192,0,0,0,3,4
0,144,144,144,0,144,144,192,0,144,144,144,144,144,192,144,144,144,144,192,144,144,144,240,144,240,0,240,144,144,144,192,144,144,144,192,0,192,0,0,0,107,1
0,144,0,192,0,144,144,192,0,144,144,144,144,144,192,144,144,144,144,192,144,144,144,240,144,240,0,240,144,144,144,192,288,0,144,384,0,0,0,0,0,11,2
0,144,0,192,0,144,144,192,0,144,144,144,144,144,192,144,144,144,144,192,144,144,144,240,144,240,0,192,144,192,144,144,144,192,144,192,0,192,0,0,0,1,1
0,192,0,192,0,144,144,192,0,288,0,144,144,144,192,144,144,144,144,192,144,144,144,240,144,240,0,192,144,336,0,144,144,192,528,0,0,0,0,0,0,37,1
0,144,0,192,0,144,144,192,0,144,144,144,144,144,192,144,144,144,144,192,144,144,144,240,144,240,0,192,144,192,144,144,144,192,144,192,0,192,0,0,0,0,5
0,144,0,192,0,144,144,192,0,144,144,144,144,144,192,144,144,144,144,192,144,144,144,240,144,240,0,240,144,144,144,144,144,192,144,192,0,192,0,0,0,3,0
0,432,0,0,0,288,672,0,384,0,0,0,0,0,0,576,0,0,0,624,0,0,960,0,0,0,1296,0,0,0,0,0,0,0,0,0,0,0,0,0,0,15,4
0,192,0,192,0,144,144,144,0,144,144,144,144,144,192,144,144,144,144,192,144,192,144,240,144,240,0,192,144,144,144,192,288,0,144,384,0,0,0,0,0,17,4
0,192,0,192,0,144,144,192,0,288,0,144,144,144,336,0,144,144,144,192,144,144,144,240,144,240,0,240,144,288,0,144,144,192,144,192,0,192,0,0,0,51,2
0,192,0,192,0,144,144,144,0,288,0,144,144,144,192,144,144,144,144,192,144,144,144,240,144,288,0,192,144,288,0,192,144,144,144,192,0,192,0,0,0,15,1
0,144,0,192,0,144,144,192,0,144,144,144,144,144,192,144,144,144,144,192,144,144,144,240,144,240,0,192,144,192,144,144,144,192,144,192,0,192,0,0,0,1,2
0,144,0,192,0,144,144,192,0,144,144,144,144,144,192,144,144,144,144,192,144,144,144,240,144,240,0,192,144,192,144,144,144,192,144,192,0,192,0,0,0,1,0
0,192,0,192,0,144,144,192,0,144,144,144,144,144,144,144,144,144,144,240,144,144,144,240,144,240,0,192,144,288,0,192,288,0,144,432,0,0,0,0,0,22,0
0,288,0,192,0,144,0,192,0,144,144,144,144,144,336,0,144,288,0,192,144,144,144,240,144,240,0,192,144,336,0,144,144,192,144,192,0,192,0,0,0,1,4
0,192,0,192,0,144,144,144,0,288,0,144,144,144,192,144,144,144,144,192,144,144,144,240,144,288,0,192,144,288,0,192,144,144,144,192,0,192,0,0,0,15,2
0,624,240,288,0,0,0,192,0,336,0,0,0,0,1824,0,0,144,0,0,144,0,240,288,0,192,0,192,0,0,0,0,0,192,0,192,0,192,0,0,0,43,3
0,240,0,144,0,144,192,0,144,192,0,192,288,0,192,144,144,144,144,144,192,192,144,192,144,288,0,336,0,240,240,0,288,0,336,0,0,192,0,0,0,17,2
0,240,0,144,0,144,192,0,144,240,0,192,288,0,192,144,144,144,144,144,192,144,144,240,144,240,0,336,0,192,288,0,336,0,336,0,0,192,0,0,0,34,2
0,240,0,144,0,144,240,0,144,192,0,192,288,0,192,144,144,288,144,144,192,144,0,240,144,240,0,336,0,240,240,0,288,0,336,0,0,192,0,0,0,17,4
0,144,144,144,0,144,192,0,144,192,0,192,288,0,192,144,144,144,144,144,192,192,144,192,144,144,144,192,144,144,144,192,288,0,336,0,0,240,0,0,0,67,1
0,288,0,144,0,144,240,0,0,240,0,192,288,0,192,144,144,144,144,144,192,144,144,240,144,240,0,192,144,288,192,0,336,0,528,0,0,0,0,0,0,1,1
0,144,144,144,0,144,192,0,144,192,0,192,288,0,192,144,144,144,144,144,192,144,144,240,144,144,144,336,0,144,144,192,288,0,144,192,0,192,0,0,0,62,0
0,144,288,0,0,144,192,0,144,240,0,192,288,0,528,0,144,144,0,144,288,144,144,192,0,288,0,336,0,288,192,0,336,0,336,0,0,192,0,0,0,81,2
0,240,0,144,0,144,192,0,144,192,0,192,288,0,192,288,144,0,144,240,192,192,144,192,144,288,0,288,0,336,144,0,288,0,336,0,0,192,0,0,0,19,1
0,624,1680,0,0,0,0,0,0,0,0,0,0,0,624,0,0,0,0,768,0,0,0,0,0,0,0,528,0,240,0,0,480,0,336,0,0,0,0,0,0,64,0
0,144,0,192,0,144,240,0,144,192,0,192,144,144,192,144,144,144,144,144,192,144,144,240,144,240,0,192,144,192,144,144,336,0,144,192,0,192,0,0,0,1,2
0,240,1872,0,0,0,0,0,0,0,0,192,0,0,624,0,0,0,0,720,0,0,0,240,0,0,0,624,0,192,0,0,432,0,0,0,0,192,0,0,0,81,2
0,240,0,192,0,144,192,0,144,192,0,192,288,0,528,144,0,0,144,576,0,0,144,336,0,144,0,912,0,0,0,0,240,0,336,0,0,192,0,0,0,54,3
0,288,0,144,0,144,192,0,144,192,0,192,288,0,192,288,144,0,144,336,0,144,144,288,144,240,0,336,0,336,240,0,336,0,192,0,0,192,0,0,0,57,2
192,0,0,144,432,0,0,0,192,144,0,192,192,288,0,192,240,0,144,144,240,240,0,288,240,0,336,0,480,0,0,144,288,0,528,0,0,0,0,0,0,54,3
0,144,0,192,0,144,240,0,144,192,0,192,144,144,192,144,144,144,144,144,192,144,144,240,144,240,0,192,144,192,144,144,336,0,144,192,0,192,0,0,0,1,0
0,384,0,0,0,288,0,144,0,240,0,192,192,288,0,144,336,0,240,0,192,144,144,240,144,144,144,336,0,288,0,288,0,192,288,0,240,0,0,0,0,15,2
0,768,0,0,0,0,336,0,0,0,0,480,0,0,336,0,288,0,288,0,192,384,144,384,0,1152,0,192,0,0,0,0,0,336,0,0,0,0,0,0,0,65,1
0,144,1920,0,0,240,0,0,0,0,0,0,0,0,720,0,144,0,144,144,0,0,0,240,0,0,0,336,144,240,0,0,480,0,384,0,0,0,0,0,0,27,4
0,144,144,192,0,144,192,0,144,192,0,192,288,0,192,144,144,144,144,144,192,144,144,240,144,144,144,336,0,240,240,0,288,0,336,0,0,192,0,0,0,109,1
0,144,0,192,0,144,240,0,144,192,0,192,144,144,192,144,144,144,144,144,192,144,144,240,144,240,0,192,144,192,144,144,336,0,144,192,0,192,0,0,0,1,1
0,288,0,144,0,144,144,0,144,192,0,192,288,0,192,144,144,144,144,144,192,144,144,240,144,240,0,192,144,192,288,0,336,0,336,0,0,192,0,0,0,0,5
0,624,1680,0,0,0,0,0,0,0,0,0,0,0,576,0,0,0,0,864,0,0,0,0,0,0,0,480,0,240,0,0,480,0,336,0,0,0,0,0,0,50,3
0,144,0,192,0,144,240,0,144,192,0,192,144,144,192,144,144,144,144,144,192,144,144,240,144,240,0,192,144,192,144,144,336,0,144,192,0,192,0,0,0,1,4
0,144,0,192,0,144,144,192,144,0,144,144,144,144,192,144,144,144,144,144,192,144,144,240,144,144,144,192,144,144,144,192,144,144,144,192,0,192,0,0,0,11,0
0,144,144,144,0,144,144,0,144,240,0,192,288,0,192,144,144,144,144,144,192,144,144,192,144,144,144,192,144,144,144,192,288,0,144,192,0,240,0,0,0,31,0
0,240,0,144,0,144,192,0,144,192,0,192,288,0,192,144,144,144,144,144,192,144,144,240,144,288,0,336,0,288,0,192,288,0,144,192,0,192,0,0,0,15,4
0,432,144,0,0,144,192,0,144,192,0,240,288,0,480,144,0,144,144,144,0,528,0,240,0,0,144,336,0,192,240,0,336,0,288,0,0,240,0,0,0,129,0
0,144,0,192,0,144,240,0,144,192,0,192,288,0,192,144,144,144,144,144,192,144,144,240,144,240,0,336,0,192,144,144,336,0,336,0,0,192,0,0,0,3,2
0,144,144,144,0,144,192,0,144,240,0,192,288,0,192,144,144,144,144,144,192,144,144,192,144,144,144,192,144,144,144,192,288,0,336,0,0,240,0,0,0,79,2
0,192,0,192,0,144,144,144,288,0,0,192,144,144,192,288,0,144,144,144,192,144,144,240,144,240,0,336,0,336,0,144,144,192,192,144,0,192,0,0,0,44,2
0,144,0,192,0,144,144,144,288,0,0,192,144,144,192,288,0,144,144,144,192,144,144,528,0,0,288,0,144,336,0,288,0,192,240,0,288,0,0,0,0,1,4
0,288,0,0,192,0,480,0,0,0,288,0,288,0,336,0,288,0,480,0,0,432,0,624,0,0,0,240,288,0,0,288,0,384,0,336,0,0,0,0,0,13,1
0,144,0,192,0,144,144,144,288,0,0,192,144,144,192,144,144,144,144,144,192,144,144,240,144,240,0,192,144,192,144,144,144,192,144,192,0,192,0,0,0,1,0
0,192,0,192,0,144,144,144,240,0,0,192,144,144,192,144,144,144,144,144,192,144,144,240,144,144,144,192,144,144,144,288,0,192,240,0,144,144,0,0,0,15,1
0,192,0,192,0,144,144,144,240,0,0,192,144,144,192,144,144,144,144,144,192,192,144,192,144,144,144,192,144,144,144,192,144,144,240,0,144,144,0,0,0,17,0
0,144,0,192,0,144,144,144,288,0,0,192,144,144,192,144,144,144,144,144,192,144,144,384,0,240,0,336,0,336,0,288,0,192,528,0,0,0,0,0,0,4,4
0,192,0,192,0,144,144,144,288,0,0,192,144,144,192,144,144,144,144,144,192,144,144,240,144,240,0,192,144,192,144,144,144,192,144,192,0,192,0,0,0,49,1
0,144,0,192,0,144,144,144,288,0,0,192,144,144,192,288,0,144,144,144,192,144,144,384,0,240,0,192,144,192,144,288,0,192,336,0,0,192,0,0,0,1,2
0,144,0,192,0,144,144,144,288,0,0,192,144,144,192,288,0,144,144,144,192,144,144,240,144,240,0,192,144,336,0,288,0,192,144,192,0,192,0,0,0,1,4
0,144,0,192,0,144,144,144,288,0,0,192,144,144,192,144,144,144,144,144,192,144,144,384,0,240,0,336,0,336,0,144,144,192,528,0,0,0,0,0,0,3,1
0,192,0,192,0,144,144,144,288,0,0,192,144,144,192,144,144,144,144,144,192,144,144,240,144,144,144,192,144,144,144,192,144,144,240,0,144,144,0,0,0,59,0
0,192,0,192,0,144,144,144,288,0,0,192,144,144,192,144,144,144,144,144,192,144,144,192,144,288,0,192,144,144,144,336,0,192,336,0,0,192,0,0,0,37,0
0,240,0,192,0,144,144,144,288,0,0,192,144,144,336,0,144,144,144,144,192,144,144,384,0,288,0,144,144,288,0,288,0,192,528,0,0,0,0,0,0,63,2
0,192,0,192,0,144,144,144,288,0,0,192,144,144,192,144,144,144,144,144,192,144,144,384,0,288,0,336,0,288,0,288,0,192,240,0,288,0,0,0,0,52,3
0,240,0,192,0,144,144,240,288,0,0,192,144,144,192,144,144,144,144,144,144,144,144,432,0,144,0,336,0,336,0,288,0,192,528,0,0,0,0,0,0,82,2
0,144,0,192,0,144,144,144,288,0,0,192,144,144,192,144,144,144,144,144,192,144,144,240,144,240,0,192,144,192,144,144,144,192,144,192,0,192,0,0,0,1,1
0,144,0,192,0,144,144,144,288,0,0,192,144,144,192,144,144,144,144,144,192,144,144,240,144,240,0,192,144,192,144,144,144,192,144,192,0,192,0,0,0,1,2
0,192,0,192,0,144,144,144,288,0,0,192,144,144,192,144,144,144,144,144,192,192,144,432,0,240,0,336,144,336,0,144,0,192,240,0,0,192,0,0,0,27,4
0,144,0,192,0,144,144,144,288,0,0,192,144,144,192,144,144,144,144,144,192,144,144,240,144,240,0,192,144,192,144,144,144,192,144,192,0,192,0,0,0,1,4
0,384,0,0,0,288,0,144,0,240,0,192,192,288,0,144,336,0,240,0,192,432,0,240,0,144,144,336,0,288,0,288,0,192,288,0,240,0,0,0,0,17,4
0,144,0,192,0,144,144,144,288,0,0,192,144,144,192,288,0,144,144,144,192,144,144,384,0,240,0,192,144,336,0,288,0,192,528,0,0,0,0,0,0,1,1
0,336,0,192,0,144,144,144,624,0,0,192,192,0,240,0,144,144,144,144,192,144,144,384,0,288,0,192,144,0,0,288,0,192,528,0,0,0,0,0,0,63,0
0,240,0,192,0,144,144,144,288,0,0,192,144,144,192,144,144,144,144,144,192,144,144,240,144,240,0,192,144,336,0,288,0,144,240,0,336,0,0,0,0,78,1
0,144,0,192,0,144,144,144,288,0,0,192,144,144,192,144,144,144,144,144,192,144,144,384,0,432,0,0,144,336,0,288,0,192,528,0,0,0,0,0,0,1,0
0,240,0,192,0,144,144,144,288,0,0,192,144,144,192,144,144,144,144,144,192,144,144,240,144,144,144,192,144,144,144,288,0,192,240,0,144,144,0,0,0,107,0
0,192,0,192,0,144,144,144,240,0,0,192,144,144,192,144,144,144,144,144,384,0,144,240,144,240,0,192,336,144,0,240,0,192,240,0,288,0,0,0,0,17,4
0,2208,0,0,0,0,0,0,0,0,0,0,0,0,0,480,0,0,0,0,0,288,0,624,0,0,0,240,288,0,144,288,0,192,192,336,0,0,0,0,0,54,3
0,1248,0,192,0,0,144,0,0,0,0,144,864,144,0,0,144,0,0,0,0,0,432,672,384,0,0,384,0,0,384,0,0,0,192,0,0,0,0,0,0,81,2
0,192,0,192,0,144,144,144,288,0,0,192,144,144,192,144,144,144,144,144,192,144,144,240,144,144,144,192,144,144,144,192,144,144,240,0,144,144,0,0,0,59,2
0,288,0,192,720,0,0,1200,192,0,0,192,192,0,144,144,0,0,0,0,0,0,144,384,0,384,0,0,144,0,0,288,288,192,240,0,0,0,0,0,0,109,1
0,144,0,192,0,144,144,1056,144,0,0,144,288,0,1152,0,0,144,0,144,0,0,576,240,0,336,0,0,0,384,0,0,0,0,0,0,0,0,0,0,0,8,4
0,1296,0,0,0,0,0,0,0,0,0,1200,0,0,0,720,0,0,480,0,0,0,0,624,0,0,0,0,0,0,0,288,0,192,336,0,0,192,0,0,0,82,2
0,240,0,192,0,144,240,576,0,0,0,528,0,144,432,0,0,1344,0,0,192,0,0,0,0,192,0,384,144,0,0,0,0,192,336,0,0,0,0,0,0,36,3
0,144,0,192,0,144,144,144,288,0,0,192,144,144,192,144,144,144,144,144,192,144,144,432,0,240,0,336,0,336,0,288,0,192,192,0,288,0,0,0,0,11,2
0,192,0,192,0,288,0,144,288,0,0,192,144,144,480,0,144,2064,0,0,0,0,0,144,0,144,0,192,336,0,0,192,0,0,0,0,0,0,0,0,0,53,2
0,144,0,192,0,144,144,192,0,240,0,624,0,0,192,144,0,288,0,144,192,144,144,240,384,0,0,192,144,192,144,192,144,192,192,0,288,0,0,0,0,1,0
0,144,144,144,0,144,144,144,0,240,0,192,144,144,192,144,144,144,144,144,192,192,144,192,144,144,144,192,144,144,144,192,144,144,240,0,288,0,0,0,0,65,2
0,192,0,192,0,144,144,144,0,240,0,192,144,144,192,144,144,144,144,144,192,144,384,0,288,0,144,192,288,0,144,288,0,192,240,0,288,0,0,0,0,15,4
0,144,144,192,0,144,144,144,0,240,0,192,144,144,192,144,144,144,144,144,192,144,144,240,144,144,144,192,144,144,144,288,0,192,240,0,144,144,0,0,0,109,1
0,192,0,192,0,288,0,192,0,240,0,192,192,288,0,144,144,144,480,0,0,288,0,240,384,0,0,240,288,0,432,0,0,192,144,192,192,0,0,0,0,54,3
0,144,0,192,0,144,144,192,0,240,0,192,144,144,192,144,144,288,0,144,192,144,144,336,288,0,0,192,144,192,288,0,144,192,240,0,288,0,0,0,0,1,2
0,192,0,192,0,144,144,432,0,0,0,336,0,336,0,144,144,144,288,0,192,144,144,240,288,0,384,0,192,0,144,336,0,288,0,240,0,192,0,0,0,40,3
0,192,0,192,0,144,144,144,0,240,0,192,144,144,192,144,144,144,144,144,192,192,144,192,144,144,336,0,144,144,144,288,0,192,240,0,336,0,0,0,0,19,1
0,144,0,192,0,144,144,192,0,240,0,192,144,144,192,144,144,144,144,144,192,144,144,240,144,240,0,192,144,192,144,144,144,192,144,144,240,0,0,0,0,1,4
0,240,0,192,0,144,144,192,0,240,0,192,144,144,192,144,144,144,144,144,192,144,144,192,144,288,0,192,144,144,144,192,144,192,240,0,288,0,0,0,0,82,2
0,288,0,192,0,144,144,192,0,240,0,432,288,0,192,144,0,144,144,144,192,144,144,240,144,240,0,528,0,0,192,144,0,192,240,0,288,0,0,0,0,135,0
0,144,0,192,0,144,144,192,0,240,0,192,144,144,192,144,144,144,144,144,192,144,144,240,144,240,0,192,144,192,144,144,144,192,144,144,240,0,0,0,0,1,2
0,144,0,192,0,144,144,192,0,240,0,192,144,144,192,144,288,0,144,144,192,144,144,384,0,240,0,192,144,192,288,0,192,192,192,0,288,0,0,0,0,1,1
0,144,0,192,0,144,144,192,0,240,0,192,144,144,192,144,144,144,144,144,192,144,144,240,144,144,144,192,144,144,144,288,0,192,144,144,240,0,0,0,0,11,1
0,336,0,192,0,576,0,192,0,0,0,480,144,0,0,144,144,0,144,144,192,144,144,192,384,0,0,192,144,192,144,144,192,192,192,0,288,0,0,0,0,1,0
0,192,0,192,0,288,0,144,0,240,0,192,192,432,0,0,144,144,480,0,0,288,0,288,336,0,0,288,720,0,0,0,0,288,0,192,192,0,0,0,0,14,4
0,192,0,192,0,144,144,144,0,240,0,192,144,144,192,144,144,144,144,144,192,192,144,192,144,144,144,192,144,144,144,288,0,192,144,144,288,0,0,0,0,19,0
0,144,0,192,0,144,240,0,240,0,144,288,0,336,0,144,288,0,288,0,192,144,144,240,384,0,0,336,0,336,0,288,0,192,336,0,0,192,0,0,0,4,2
0,144,0,192,0,144,144,192,0,240,0,624,0,0,192,144,0,288,0,144,192,144,144,240,432,0,0,144,144,192,144,144,144,192,240,0,288,0,0,0,0,1,4
0,144,0,192,0,144,144,192,0,240,0,192,144,144,192,144,144,144,144,144,192,144,144,240,144,240,0,192,144,192,144,144,144,192,144,144,240,0,0,0,0,1,1
0,192,0,192,0,144,144,192,0,240,0,192,144,144,192,144,144,144,144,144,192,528,0,192,0,240,0,192,432,0,0,288,0,192,240,0,288,0,0,0,0,56,1
0,192,0,192,0,144,144,192,0,240,0,192,144,144,192,144,288,0,144,144,192,144,144,240,384,0,0,192,288,0,144,336,0,192,240,0,288,0,0,0,0,40,3
0,144,0,192,0,144,144,192,0,240,0,624,0,0,192,144,0,288,0,144,192,528,144,240,0,0,0,192,144,192,144,144,144,192,240,0,288,0,0,0,0,1,2
0,144,0,192,0,144,144,192,0,240,0,192,144,144,192,144,288,0,144,144,192,144,144,384,0,240,0,192,144,192,288,0,144,192,240,0,288,0,0,0,0,1,4
0,240,0,144,0,2208,0,0,0,0,0,192,0,576,0,0,0,144,0,576,0,0,0,0,0,0,0,0,0,0,144,288,0,192,240,0,288,0,0,0,0,5,0
0,1248,0,0,0,240,0,480,0,0,0,0,0,0,0,0,768,0,0,0,0,624,0,0,0,432,432,0,0,768,0,0,0,288,0,0,0,0,0,0,0,60,1
0,144,0,192,0,144,144,192,0,240,0,192,144,144,192,144,144,144,144,144,192,144,144,240,144,240,0,192,144,192,144,144,144,192,144,144,240,0,0,0,0,1,0
0,288,0,336,0,144,144,192,0,240,0,192,144,144,192,144,288,0,192,144,0,144,720,0,0,0,0,528,0,0,192,240,0,192,240,0,288,0,0,0,0,82,2
0,144,144,144,0,144,144,144,0,240,0,192,144,144,192,144,144,288,0,144,192,192,144,240,384,0,144,192,144,0,144,336,0,192,192,0,288,0,0,0,0,65,0
0,144,2448,0,0,0,0,0,0,0,0,0,0,0,0,0,0,0,0,0,624,0,0,0,144,192,0,192,144,336,0,144,144,336,0,192,0,192,0,0,0,1,4
0,192,0,192,0,144,144,192,0,240,0,192,144,144,192,144,144,144,144,144,192,144,624,0,0,0,144,192,432,0,0,288,0,192,240,0,288,0,0,0,0,17,0
0,240,0,192,0,144,144,192,0,240,0,192,144,144,192,144,144,288,144,144,192,144,0,240,432,0,192,288,0,0,144,432,0,0,240,0,288,0,0,0,0,65,2
0,192,0,192,0,144,144,192,0,240,0,192,144,144,192,144,144,144,144,144,192,144,144,192,192,240,0,192,144,144,144,192,144,192,240,0,144,144,0,0,0,40,0
0,192,0,192,0,144,144,192,0,240,0,192,144,144,192,144,144,144,144,144,192,144,144,240,144,240,0,192,144,192,144,144,144,192,240,0,144,144,0,0,0,49,2
0,288,0,144,0,2256,0,192,0,0,0,192,144,144,0,0,0,0,0,0,192,0,144,0,288,240,0,0,0,0,0,144,144,192,240,0,288,0,0,0,0,1,3
0,144,0,192,0,144,144,192,0,240,0,192,144,144,192,144,144,144,144,144,192,144,144,240,144,288,0,288,0,192,144,288,0,192,240,0,288,0,0,0,0,3,4
0,144,144,144,240,0,0,240,0,336,0,192,144,0,192,720,0,0,0,0,192,960,0,0,192,0,0,0,288,144,0,432,0,192,0,192,192,0,0,0,0,65,2
0,144,144,288,0,0,240,0,384,0,0,288,0,336,0,144,288,0,480,0,0,288,0,624,0,0,0,384,0,288,0,288,0,336,0,192,0,192,0,0,0,109,1
192,0,0,192,240,192,0,0,0,144,288,288,192,0,0,144,192,384,0,0,288,144,288,0,144,144,480,288,0,0,0,192,144,288,0,144,240,0,0,0,0,17,0
192,0,0,240,240,192,0,0,0,144,288,288,192,0,0,144,192,384,0,0,288,144,288,0,144,144,480,288,0,0,0,192,144,288,0,144,240,0,0,0,0,60,2
288,0,0,192,240,192,0,0,0,144,288,288,192,0,0,144,192,384,0,0,288,144,288,0,144,144,480,288,0,0,0,192,144,288,0,144,240,0,0,0,0,82,2
144,0,144,144,384,0,0,0,192,144,0,192,192,288,0,192,240,0,144,144,240,240,0,288,240,0,144,192,480,0,0,144,288,0,240,0,288,0,0,0,0,111,0
192,0,0,144,384,0,0,0,192,144,0,192,192,288,0,192,240,0,144,144,240,240,0,288,240,0,144,192,480,0,0,144,288,0,240,0,288,0,0,0,0,15,0
144,0,0,144,432,0,0,0,192,144,0,192,192,288,0,192,240,0,144,144,240,240,0,288,240,0,144,192,480,0,0,144,288,0,240,0,288,0,0,0,0,12,4
192,0,0,144,432,0,0,0,192,144,0,192,192,288,0,192,240,0,144,144,240,240,0,288,240,0,144,192,480,0,0,144,288,0,240,0,288,0,0,0,0,60,1
0,144,240,0,0,144,288,0,0,144,288,0,336,0,144,144,144,240,192,0,336,0,384,0,144,336,0,144,288,0,144,336,144,0,240,0,288,0,0,0,0,15,4
0,144,240,0,0,144,144,192,0,144,288,0,336,0,144,144,144,240,192,0,192,144,384,0,144,336,0,144,288,0,144,336,144,0,240,0,288,0,0,0,0,59,2
0,432,240,0,0,0,288,0,0,144,288,0,336,0,144,144,144,240,192,0,336,0,528,0,0,336,0,144,288,0,144,336,144,0,240,0,288,0,0,0,0,130,0
0,192,0,192,0,288,0,192,0,240,0,192,192,288,0,144,144,144,480,0,0,288,0,240,384,0,0,192,288,0,336,0,144,192,144,192,0,192,0,0,0,47,2
0,432,144,0,0,0,144,192,0,144,288,0,336,0,144,144,144,240,192,0,192,144,384,0,144,336,0,144,288,0,144,336,144,0,240,0,288,0,0,0,0,82,2
0,144,144,288,0,0,288,0,0,144,144,144,432,0,192,0,384,192,0,0,240,144,240,240,0,288,0,192,144,288,192,0,432,0,0,192,192,0,0,0,0,65,1
0,192,0,192,0,144,384,0,0,192,0,192,240,0,192,144,144,144,288,0,240,144,144,336,0,144,144,192,144,336,0,288,0,336,0,192,0,192,0,0,0,22,2
0,144,144,288,0,0,144,144,144,0,144,192,432,192,0,0,192,192,192,0,192,144,240,240,0,288,0,192,144,144,192,144,144,336,0,192,192,0,0,0,0,82,2
0,144,144,240,0,0,144,144,0,144,144,144,432,0,192,0,384,192,0,0,240,144,240,240,0,288,0,192,144,144,192,144,144,144,144,144,240,0,0,0,0,17,1
0,144,144,240,0,0,336,0,0,144,144,144,432,0,192,0,384,192,0,0,240,144,240,240,0,288,0,336,0,144,192,144,288,0,144,192,192,0,0,0,0,26,4
0,144,144,336,0,0,336,0,0,144,144,144,432,0,192,0,384,192,0,0,192,144,240,240,0,288,0,336,0,144,192,144,288,0,144,192,240,0,0,0,0,126,0
0,432,0,0,0,288,0,144,0,240,0,192,192,288,0,144,336,0,240,0,192,144,144,192,144,144,144,336,0,288,0,192,144,192,288,0,240,0,0,0,0,31,1
0,240,0,144,0,528,0,0,0,192,0,192,192,288,0,144,336,0,240,0,192,288,0,240,144,144,144,336,0,288,0,288,0,192,288,0,240,0,0,0,0,27,4
0,384,0,0,0,528,0,0,0,192,0,192,192,288,0,144,336,0,240,0,192,288,0,240,144,144,144,336,0,288,0,288,0,192,288,0,240,0,0,0,0,54,0
0,432,0,0,0,288,0,0,144,192,0,192,192,288,0,144,336,0,240,0,192,192,144,192,144,144,144,336,0,288,0,288,0,192,240,0,336,0,0,0,0,19,0
0,384,0,0,0,288,0,144,0,240,0,192,192,288,0,144,336,0,240,0,192,144,144,240,144,144,144,336,0,288,0,288,0,192,288,0,240,0,0,0,0,0,5
0,288,0,144,0,240,0,144,144,192,0,192,192,288,0,144,336,0,240,0,192,288,0,192,144,144,144,336,0,288,0,192,144,192,192,0,336,0,0,0,0,79,2
0,432,0,0,0,288,0,144,0,240,0,144,192,288,0,144,336,0,240,0,192,144,144,240,144,144,144,336,0,288,0,288,0,192,288,0,240,0,0,0,0,15,1
0,336,0,144,0,528,0,0,0,144,0,192,192,288,0,144,336,0,240,0,192,432,0,240,0,144,144,336,0,288,0,288,0,192,288,0,240,0,0,0,0,109,1
0,432,0,0,0,624,0,0,0,192,0,0,192,288,0,144,336,0,240,0,192,288,144,240,0,144,144,336,0,288,0,288,0,192,288,0,288,0,0,0,0,19,2
0,528,0,0,0,288,0,0,144,336,0,192,192,288,0,144,336,0,240,0,192,144,144,240,144,144,144,192,144,288,0,288,0,192,288,0,144,0,0,0,0,131,0
0,432,0,192,0,144,432,0,0,0,0,288,0,0,240,288,0,144,144,336,0,144,144,240,144,288,0,192,288,0,144,288,0,192,192,336,0,0,0,0,0,5,1
0,144,144,144,0,144,288,0,0,144,144,288,0,144,192,144,144,144,144,336,0,144,144,240,144,144,144,192,288,0,144,288,0,192,144,192,0,192,0,0,0,63,1
0,192,0,192,0,144,192,288,0,0,144,288,0,144,192,288,0,144,144,336,0,384,0,192,144,288,0,192,288,0,576,0,0,192,0,336,0,0,0,0,0,54,2
0,432,144,0,0,0,576,288,0,0,0,288,0,0,720,0,0,192,0,432,0,144,0,192,144,528,0,0,288,0,192,0,0,192,192,336,0,0,0,0,0,65,1
0,144,144,192,0,144,288,0,0,144,144,288,0,144,192,288,0,144,144,336,0,144,144,240,144,288,0,192,288,0,144,288,0,192,144,192,0,192,0,0,0,111,0
0,576,0,1152,0,144,144,0,0,0,0,336,0,0,720,0,0,0,0,432,0,0,0,144,0,528,0,0,384,0,576,0,0,192,0,0,0,0,0,0,0,109,1
0,192,0,192,0,144,432,0,0,0,144,288,0,144,192,288,0,240,144,432,0,0,144,192,144,288,0,192,288,0,144,288,0,192,192,336,0,0,0,0,0,17,1
0,192,0,192,0,144,576,0,0,0,0,288,0,144,432,144,144,144,0,432,0,0,144,192,144,288,0,192,336,0,144,288,0,192,192,336,0,0,0,0,0,21,0
0,192,0,192,0,144,288,0,0,144,144,288,0,144,192,144,144,144,144,336,0,192,144,192,144,144,144,192,336,0,144,288,0,144,192,192,0,192,0,0,0,21,0
0,192,0,192,0,144,288,0,0,144,144,288,0,144,192,288,0,144,144,336,0,144,144,240,144,144,144,192,288,0,144,288,0,192,144,192,0,192,0,0,0,15,2
0,144,0,192,0,144,192,144,0,144,144,288,0,144,192,144,144,144,144,336,0,144,144,240,144,144,144,192,288,0,144,288,0,192,144,192,0,192,0,0,0,11,1
0,144,144,192,0,144,288,0,0,144,144,288,0,144,192,144,144,144,144,336,0,144,144,240,144,144,144,192,288,0,144,288,0,192,144,192,0,192,0,0,0,109,1
0,144,0,192,0,144,192,144,0,144,144,288,0,144,192,144,144,144,144,336,0,144,144,240,144,144,144,192,288,0,144,288,0,192,144,192,0,192,0,0,0,11,2
0,192,0,192,0,144,192,144,0,144,144,288,0,144,192,144,144,144,144,336,0,144,144,240,144,144,144,192,288,0,144,288,0,192,144,192,0,192,0,0,0,59,0
0,192,0,192,0,144,144,288,0,0,144,288,0,144,240,144,144,240,144,240,0,144,144,192,144,288,0,192,288,0,288,192,0,192,192,336,0,0,0,0,0,36,2
0,192,0,192,0,144,288,0,0,144,144,288,0,144,192,288,0,144,144,336,0,192,144,192,144,288,0,192,288,0,144,288,0,192,144,192,0,192,0,0,0,17,4
0,144,0,192,0,144,192,144,0,144,144,288,0,144,192,144,144,144,144,336,0,144,144,240,144,144,144,192,288,0,144,288,0,192,144,192,0,192,0,0,0,11,0
0,192,0,192,0,144,192,144,0,144,144,288,0,144,192,144,144,144,144,336,0,144,144,240,144,144,144,192,288,0,144,288,0,192,144,192,0,192,0,0,0,59,2
0,144,144,192,0,144,288,0,0,144,144,288,0,144,192,288,0,144,144,336,0,144,144,240,144,288,0,192,288,0,144,288,0,192,144,192,0,192,0,0,0,82,2
0,192,0,192,0,144,288,0,0,144,144,288,0,144,192,288,0,240,144,432,0,0,144,240,144,288,0,192,288,0,144,288,0,192,192,336,0,0,0,0,0,21,4
0,288,0,144,0,384,0,0,192,0,480,0,0,144,192,144,288,0,288,192,0,144,144,240,144,240,0,192,144,336,0,288,0,192,336,0,192,0,0,0,0,82,2
0,192,144,192,0,384,0,0,240,1248,672,0,144,144,192,0,0,0,240,0,0,144,144,0,144,0,0,0,0,336,0,288,0,0,336,0,192,0,0,0,0,125,0
0,192,0,192,0,384,0,0,240,0,288,0,144,144,192,144,288,0,576,240,0,0,144,240,144,0,0,192,144,336,0,288,0,192,528,0,0,0,0,0,0,1,2
0,240,0,144,0,240,0,144,240,0,288,0,144,144,192,144,288,0,240,240,0,144,144,192,144,288,0,192,144,336,0,288,0,192,336,0,192,0,0,0,0,23,4
0,144,0,192,0,288,0,144,192,0,288,0,144,144,192,144,144,144,240,240,0,144,144,240,144,240,0,192,144,192,144,288,0,192,144,192,192,0,0,0,0,0,5
0,144,0,192,0,384,0,0,240,0,480,0,0,144,192,144,528,0,0,240,0,144,144,192,144,240,0,192,144,336,0,288,0,192,336,0,192,0,0,0,0,1,4
0,288,0,144,0,240,0,144,192,0,288,0,144,144,192,144,144,144,240,240,0,144,144,240,144,144,144,192,144,288,0,288,0,192,144,192,192,0,0,0,0,63,0
0,144,0,192,0,288,0,144,192,0,288,0,144,144,192,144,144,144,240,240,0,144,144,240,144,240,0,192,144,192,144,288,0,192,144,192,192,0,0,0,0,1,0
0,144,0,192,0,624,0,0,336,0,288,0,144,0,0,144,288,0,240,240,0,144,144,240,144,240,0,192,144,336,0,288,0,192,528,0,0,0,0,0,0,1,1
0,192,144,144,0,624,0,0,192,0,288,0,672,0,0,144,0,0,240,0,0,144,144,240,720,0,0,0,0,192,144,288,0,192,144,192,192,0,0,0,0,1,0
0,144,0,192,0,384,0,0,240,0,288,0,144,144,192,144,528,0,0,240,0,144,144,240,144,240,0,192,144,336,0,288,0,192,528,0,0,0,0,0,0,1,2
0,144,144,240,0,384,0,0,192,0,288,0,672,0,0,0,528,0,1008,0,0,0,960,0,720,0,0,0,0,0,0,0,0,0,0,0,0,0,0,0,0,65,1
0,192,0,192,0,384,0,0,192,0,288,0,144,144,192,144,528,0,0,240,0,144,144,240,144,240,0,192,144,336,0,288,0,192,336,0,192,0,0,0,0,1,4
0,192,0,192,0,480,0,0,0,240,0,480,0,0,336,0,288,0,288,0,192,288,0,384,0,240,0,240,720,0,0,0,0,336,0,384,0,0,0,0,0,54,3
0,144,144,240,0,384,0,0,336,0,480,0,672,432,0,0,0,0,576,0,0,0,960,0,720,0,0,0,0,0,0,0,0,0,0,0,192,0,0,0,0,27,4
0,192,144,144,0,240,0,144,336,0,672,0,672,0,0,0,528,0,576,0,0,0,960,0,720,0,0,0,0,0,0,0,0,0,0,0,0,0,0,0,0,109,1
0,192,0,192,0,288,0,144,192,0,288,0,144,144,192,144,144,144,240,240,0,144,144,240,144,240,0,192,144,192,144,288,0,192,144,192,192,0,0,0,0,48,3
0,288,0,144,0,240,0,144,192,0,288,0,144,144,192,144,144,144,240,240,0,144,144,240,144,288,0,192,144,288,0,288,0,192,144,192,192,0,0,0,0,63,2
0,288,0,144,0,240,0,144,240,0,288,0,144,144,192,144,144,144,240,240,0,144,144,192,144,288,0,192,144,144,192,288,0,192,144,192,192,0,0,0,0,82,2
0,288,0,192,0,240,0,144,192,0,288,0,144,144,192,144,288,0,240,240,0,144,144,240,144,288,0,192,144,288,0,288,0,192,336,0,192,0,0,0,0,109,1
0,192,0,192,0,240,0,144,192,0,288,0,144,144,192,144,288,0,240,240,0,144,144,240,144,144,144,192,144,288,0,288,0,192,336,0,192,0,0,0,0,15,4
0,192,0,144,0,576,0,144,336,0,288,0,672,0,0,0,288,0,576,240,0,0,144,0,144,0,0,0,144,336,0,288,0,192,336,0,0,192,0,0,0,1,1
0,144,0,192,0,288,0,192,0,240,0,192,192,288,0,144,144,144,480,0,0,144,144,240,384,0,0,192,336,0,432,0,0,192,144,192,192,0,0,0,0,1,4
0,144,0,192,0,144,144,192,0,240,0,192,192,432,0,0,144,144,480,0,0,144,144,288,336,0,0,192,336,0,288,0,144,192,144,192,192,0,0,0,0,1,1
0,240,0,192,0,288,0,192,0,240,0,192,192,432,0,0,144,144,480,0,0,288,0,240,144,240,0,192,288,0,480,0,0,192,144,192,0,192,0,0,0,78,1
0,192,0,192,0,288,0,144,0,240,0,192,192,288,0,144,144,144,480,0,0,144,144,240,144,240,0,240,288,0,432,0,0,192,144,192,192,0,0,0,0,14,1
0,192,0,192,0,288,0,192,0,240,0,192,192,432,0,0,144,144,480,0,0,288,0,192,432,0,0,192,288,0,336,0,144,192,144,192,192,0,0,0,0,41,0
0,240,0,192,0,144,144,192,0,240,0,192,624,288,0,0,144,0,480,0,0,288,0,0,432,0,0,192,336,0,432,0,0,192,144,192,192,0,0,0,0,27,4
0,144,0,192,0,288,0,192,0,240,0,192,192,432,0,0,144,144,480,0,0,288,0,240,384,0,0,192,336,0,432,0,0,192,144,192,192,0,0,0,0,1,1
0,240,0,192,0,288,0,192,0,240,0,192,192,432,0,0,144,144,480,0,0,288,0,240,384,0,0,192,288,0,432,0,0,192,144,192,192,0,0,0,0,63,2
0,240,0,192,1056,0,0,0,0,0,0,0,0,912,0,0,0,0,432,0,0,1200,0,0,432,0,0,0,672,0,144,0,0,0,0,0,0,0,0,0,0,54,3
0,192,0,192,0,288,0,192,0,240,0,192,192,432,0,0,144,144,480,0,0,288,0,240,384,0,0,240,720,0,0,0,0,288,0,192,192,0,0,0,0,17,2
0,144,0,192,0,144,144,192,0,240,0,192,192,288,0,144,144,144,480,0,0,144,144,240,144,240,0,192,624,0,0,0,144,192,144,192,192,0,0,0,0,0,5
0,144,0,192,0,144,144,192,0,240,0,192,192,288,0,144,144,144,480,0,0,144,144,240,384,0,0,192,336,0,288,0,144,192,144,192,192,0,0,0,0,1,2
0,240,0,192,1056,0,0,0,0,0,0,0,0,912,0,0,0,0,480,0,0,1200,0,0,432,0,0,0,672,0,0,0,0,0,144,0,0,0,0,0,0,82,2
0,288,0,192,192,0,144,192,0,240,0,240,0,720,0,0,0,192,432,0,0,432,0,0,432,0,0,288,336,0,528,0,0,0,288,0,192,0,0,0,0,109,1
0,144,0,192,0,144,144,192,0,240,0,192,1104,432,0,0,0,144,480,0,0,912,0,0,0,0,0,192,0,0,0,0,0,192,144,192,192,0,0,0,0,11,2
0,240,0,192,0,288,0,192,0,240,0,192,192,288,0,144,144,144,480,0,0,144,144,240,144,240,0,240,288,0,432,0,0,192,144,192,0,192,0,0,0,107,0
0,192,0,192,0,288,0,192,0,240,0,192,192,432,0,0,144,144,480,0,0,144,144,240,384,0,0,240,288,0,432,0,0,192,144,192,0,192,0,0,0,48,1
0,144,0,192,0,288,0,192,0,240,0,192,192,432,0,0,144,144,480,0,0,144,144,240,384,0,0,192,336,0,288,0,144,192,144,192,192,0,0,0,0,1,0
0,384,0,192,0,0,144,480,0,0,0,192,0,720,0,144,0,0,432,0,0,288,384,0,384,0,0,576,720,0,0,0,0,0,0,192,0,0,0,0,0,17,1
0,144,0,192,0,288,0,192,0,240,0,192,192,288,0,144,144,144,480,0,0,288,0,288,336,0,0,240,288,0,432,0,0,192,144,192,192,0,0,0,0,11,2
0,144,0,192,0,288,0,192,0,240,0,192,192,432,0,0,144,144,480,0,0,288,0,240,384,0,0,192,336,0,288,0,144,192,144,144,240,0,0,0,0,1,2
0,144,0,192,0,288,0,192,0,240,0,192,192,432,0,0,144,144,480,0,0,288,0,288,336,0,0,240,288,0,288,0,144,192,144,192,192,0,0,0,0,3,4
0,192,0,192,0,144,144,192,0,240,0,192,192,288,0,144,144,144,480,0,0,144,144,240,144,240,0,240,288,0,432,0,0,192,144,192,192,0,0,0,0,59,2
0,288,0,528,1056,0,0,0,0,0,0,0,0,912,0,0,0,0,480,0,0,432,0,0,432,0,0,576,432,0,0,0,0,0,0,0,192,0,0,0,0,109,1
0,240,0,192,0,288,0,192,0,240,0,192,192,432,0,0,144,144,480,0,0,528,0,0,384,0,0,192,288,0,480,0,0,192,144,192,192,0,0,0,0,82,2
0,288,0,192,1056,0,0,0,0,0,0,0,0,912,0,0,0,0,432,0,0,1200,0,0,528,0,0,0,672,0,0,0,0,0,0,0,0,0,0,0,0,54,2
0,240,0,192,0,144,144,192,0,240,0,192,192,432,0,0,144,144,432,0,0,528,0,0,576,0,0,288,720,0,0,0,0,192,0,144,144,0,0,0,0,65,0
0,384,0,192,1056,0,0,144,0,0,0,0,0,288,0,0,0,336,432,0,0,864,0,0,528,0,0,0,336,0,0,0,720,0,0,0,0,0,0,0,0,27,4
0,144,0,384,0,0,144,144,0,240,0,192,624,288,0,0,0,0,480,0,0,912,0,0,0,0,0,288,720,0,288,0,0,192,0,0,192,0,0,0,0,1,1
0,144,288,0,0,336,144,0,0,192,0,192,144,192,144,288,0,288,0,192,144,336,0,192,144,144,144,480,0,0,336,0,144,192,192,0,336,0,0,0,0,67,0
0,144,144,144,0,144,768,0,0,0,0,0,672,0,0,912,0,0,0,960,0,0,0,528,0,0,816,0,0,0,0,0,0,0,0,0,0,0,0,0,0,17,1
0,144,144,144,0,144,144,192,0,240,0,192,144,192,144,288,0,144,144,192,144,144,144,192,432,0,0,480,0,0,336,0,144,192,240,0,288,0,0,0,0,82,2
0,144,0,192,0,144,144,192,0,240,0,192,144,192,144,288,0,144,144,192,144,144,144,240,144,144,144,480,0,0,288,144,0,192,240,0,288,0,0,0,0,11,1
0,144,0,192,0,144,144,192,0,240,0,192,144,192,144,288,0,144,144,192,144,144,144,240,144,144,144,192,384,0,336,0,0,192,144,144,240,0,0,0,0,11,0
0,144,144,192,0,144,0,192,0,240,0,192,144,192,144,288,0,144,144,192,144,192,144,192,144,144,144,288,192,0,288,144,0,192,144,144,144,144,0,0,0,19,0
0,144,0,192,0,144,144,192,0,240,0,192,144,192,144,288,0,144,144,192,144,144,144,240,144,144,144,288,0,192,288,0,144,192,144,192,192,0,0,0,0,3,1
0,144,144,192,0,144,0,240,0,192,0,192,144,192,144,288,0,144,144,192,144,336,0,192,144,144,144,480,0,0,288,144,0,192,144,144,288,0,0,0,0,19,1
0,144,0,192,0,288,0,240,0,192,0,192,144,192,144,288,0,144,144,192,144,288,0,240,432,0,0,480,0,0,336,144,0,192,192,0,288,0,0,0,0,11,4
0,144,144,192,0,336,0,432,0,0,0,0,144,192,144,288,0,144,336,0,144,336,0,240,432,0,0,480,0,0,336,0,144,192,192,0,288,0,0,0,0,19,0
0,144,144,144,0,144,144,192,0,240,0,192,144,192,144,288,0,144,144,192,144,144,144,240,144,144,144,192,384,0,336,0,0,192,240,0,144,144,0,0,0,106,0
0,192,0,336,0,0,144,192,0,240,0,336,0,336,0,288,0,432,0,0,336,0,144,240,384,0,0,240,288,0,144,288,0,432,0,0,288,0,0,0,0,54,3
0,144,0,192,0,144,144,240,0,192,0,192,144,192,144,288,0,144,144,192,144,336,0,192,432,0,0,480,0,0,288,0,144,192,240,0,288,0,0,0,0,0,5
0,144,144,144,0,144,144,144,0,240,0,192,144,192,144,288,0,144,144,192,144,192,144,192,144,144,144,480,0,0,288,144,0,192,240,0,144,144,0,0,0,65,2
0,144,0,192,0,144,144,432,0,0,0,192,144,192,144,1296,0,144,144,672,528,0,0,0,0,144,0,0,0,0,0,0,0,288,0,0,288,0,0,0,0,11,1
0,144,0,192,0,144,144,432,0,0,0,192,144,192,144,288,0,144,144,192,144,144,144,240,144,432,0,480,0,0,336,0,0,192,192,0,288,0,0,0,0,11,2
0,144,144,192,0,144,144,432,0,0,0,192,288,192,0,912,0,0,0,1824,336,0,0,0,0,0,0,0,0,0,0,0,0,0,0,192,192,0,0,0,0,82,1
0,144,144,528,0,1104,0,0,0,0,0,0,288,0,0,288,0,720,0,432,528,0,0,0,0,0,432,0,0,0,0,0,0,336,0,0,288,0,0,0,0,17,4
0,144,144,144,0,336,0,240,0,192,0,192,144,192,144,288,0,144,144,144,144,288,0,192,432,0,0,480,0,0,336,0,144,144,240,0,288,0,0,0,0,65,2
0,144,144,144,0,144,528,1104,0,0,0,0,384,192,0,432,0,0,0,960,0,0,0,0,0,0,0,0,432,0,0,0,0,336,0,192,0,192,0,0,0,107,0
0,144,0,192,0,144,768,432,0,0,0,720,384,0,0,912,0,0,0,672,288,0,0,0,0,0,0,0,0,0,0,0,0,288,0,0,288,0,0,0,0,0,5
0,144,144,144,0,144,144,192,0,240,0,192,144,192,144,288,0,144,144,192,144,144,144,192,144,144,144,480,0,0,336,0,144,144,240,0,192,144,0,0,0,79,1
0,144,144,816,0,0,0,432,0,0,0,0,384,0,0,432,0,0,0,960,720,0,0,0,0,0,0,768,0,0,0,0,0,288,0,0,192,0,0,0,0,54,2
0,144,144,816,0,144,192,0,0,0,0,144,384,0,0,912,0,0,0,960,0,0,0,0,0,0,816,0,0,0,0,0,0,336,0,0,288,0,0,0,0,49,3
0,144,144,240,0,144,144,432,0,0,0,192,1008,0,144,288,0,0,0,1152,0,0,0,0,0,0,0,768,0,0,0,0,0,336,0,0,192,0,0,0,0,82,2
0,144,144,1008,0,0,0,0,0,0,0,288,432,0,0,912,0,0,0,960,0,0,0,0,0,0,0,768,0,0,0,336,0,0,0,0,288,0,0,0,0,54,1
0,336,0,192,0,144,144,240,0,192,0,192,144,192,144,288,0,144,144,192,144,336,0,192,432,0,0,480,0,0,336,0,144,192,144,0,288,0,0,0,0,137,0
0,144,144,192,0,144,768,0,0,0,0,192,1008,0,0,288,0,0,0,960,0,0,0,0,0,0,432,768,0,0,288,0,0,0,0,0,0,0,0,0,0,109,1
0,144,144,144,0,288,0,192,0,192,0,192,144,192,144,288,0,144,144,192,144,144,144,240,576,0,0,432,0,0,336,0,0,192,240,0,288,0,0,0,0,54,1
192,0,0,432,144,0,0,288,0,0,0,576,0,144,0,384,384,240,0,0,144,0,240,0,144,384,0,288,0,144,384,0,0,192,144,384,0,0,0,0,0,17,4
0,144,288,0,144,0,192,384,0,0,0,432,0,0,240,144,288,0,336,0,240,192,0,528,0,0,480,0,0,144,624,0,0,0,144,144,240,0,0,0,0,82,2
0,192,0,192,0,144,144,384,0,0,0,336,0,336,0,144,144,432,0,0,192,288,0,240,288,0,432,0,336,0,0,336,0,288,0,192,0,192,0,0,0,15,1
0,192,0,192,0,144,144,144,288,0,0,192,144,336,0,144,144,144,288,0,192,144,144,240,144,144,432,0,192,0,144,336,0,288,0,192,0,192,0,0,0,59,2
0,144,0,192,0,144,144,144,288,0,0,336,0,336,0,144,144,432,0,0,192,288,0,240,288,0,432,0,336,0,0,336,0,288,0,192,0,192,0,0,0,11,4
0,144,0,192,0,144,144,144,288,0,0,192,144,336,0,144,144,144,288,0,192,144,144,240,144,144,432,0,192,0,144,336,0,288,0,192,0,192,0,0,0,11,0
240,144,0,192,0,144,144,384,0,0,0,336,0,336,0,144,144,432,0,0,192,288,0,192,288,0,432,0,336,0,0,336,0,288,0,192,0,192,0,0,0,137,0
0,192,0,192,0,144,144,144,288,0,0,192,144,336,0,144,144,144,288,0,192,144,144,240,144,144,384,0,192,0,144,336,0,288,0,240,0,192,0,0,0,40,0
0,144,0,192,0,144,144,144,288,0,0,192,144,336,0,144,144,144,288,0,192,144,144,240,144,144,432,0,192,0,144,336,0,288,0,192,0,192,0,0,0,11,4
0,192,192,0,192,0,144,192,0,144,288,0,144,144,192,144,144,144,144,336,0,144,144,240,144,240,0,240,144,144,144,288,0,192,192,144,0,192,0,0,0,109,1
0,192,192,0,192,0,144,192,0,144,288,0,144,144,192,144,144,144,144,336,0,144,144,240,144,240,0,240,144,144,144,288,0,192,192,144,0,192,0,0,0,109,0
0,288,0,0,192,0,336,0,0,144,288,0,288,0,336,0,288,0,480,0,0,288,0,240,144,240,0,192,144,192,144,288,0,384,0,144,0,192,0,0,0,0,5
0,288,0,0,192,0,336,0,0,144,288,0,288,0,336,0,288,0,480,0,0,288,0,240,144,240,0,240,288,0,144,288,0,384,0,144,0,192,0,0,0,0,5
0,288,0,0,192,0,336,0,0,144,288,0,288,0,336,0,288,0,480,0,0,288,0,624,0,0,0,192,144,192,144,288,0,192,192,336,0,0,0,0,0,1,0
0,288,0,0,192,0,336,0,0,144,288,0,288,0,336,0,288,0,480,0,0,288,0,624,0,0,0,192,144,192,144,288,0,384,0,144,0,192,0,0,0,1,2
0,288,0,0,192,0,144,192,0,144,288,0,144,144,192,144,144,144,144,336,0,144,144,240,144,240,0,192,144,192,144,288,0,192,192,144,0,192,0,0,0,0,5
0,336,0,0,192,0,144,192,0,144,288,0,288,0,192,144,288,0,144,336,0,144,144,240,144,240,0,192,144,192,144,288,0,192,192,144,0,192,0,0,0,42,3
0,384,0,0,192,0,192,0,144,240,0,144,144,144,192,144,144,144,144,384,0,144,144,192,192,240,0,192,144,144,144,288,0,192,192,144,0,192,0,0,0,65,2
0,288,0,0,192,0,144,192,0,144,288,0,144,144,192,144,144,144,144,336,0,144,144,240,144,240,0,192,144,192,144,288,0,192,192,144,0,192,0,0,0,1,0
0,144,0,192,0,144,144,192,0,144,144,144,288,0,336,0,144,480,0,0,144,144,144,240,144,144,144,192,144,144,144,288,0,192,144,144,240,0,0,0,0,11,0
0,144,0,192,0,144,144,192,0,144,144,144,240,0,240,144,144,480,0,0,144,144,144,240,144,240,0,192,144,192,144,144,144,192,144,144,240,0,0,0,0,1,4
0,144,0,192,0,144,336,0,0,144,288,0,240,0,240,144,144,480,0,0,288,0,144,384,0,240,0,192,144,336,0,288,0,336,0,192,192,0,0,0,0,1,2
0,144,0,192,0,144,144,192,0,144,144,144,240,0,240,144,144,480,0,0,144,144,144,240,144,240,0,192,144,192,144,144,144,192,144,144,240,0,0,0,0,1,2
0,192,0,192,0,144,144,192,0,144,144,144,240,0,240,144,144,480,0,0,144,144,144,192,144,144,144,192,144,144,192,144,144,144,144,144,288,0,0,0,0,31,1
0,144,0,192,0,144,144,192,0,144,144,144,240,0,240,144,144,480,0,0,144,144,144,240,144,240,0,192,144,192,144,144,144,192,144,144,240,0,0,0,0,1,0
0,192,0,192,0,144,144,192,0,144,144,144,240,0,240,144,144,480,0,0,144,144,144,240,144,240,0,192,144,192,144,144,144,192,144,144,240,0,0,0,0,49,0
0,192,0,192,0,144,144,192,0,144,288,0,240,0,336,0,144,384,0,144,288,0,144,192,144,144,144,192,144,144,192,144,144,144,144,144,288,0,0,0,0,26,4
0,144,0,192,0,144,144,192,0,144,288,0,240,0,240,144,144,480,0,0,288,0,144,384,0,240,0,192,144,336,0,288,0,192,288,0,240,0,0,0,0,1,4
0,336,0,144,0,144,336,0,0,144,288,0,240,0,384,0,144,480,0,0,288,0,144,384,0,240,0,192,144,336,0,288,0,192,288,0,240,0,0,0,0,137,0
0,144,0,192,0,144,144,192,0,144,144,144,240,0,240,144,144,480,0,0,144,144,144,240,144,240,0,192,144,192,144,144,144,192,144,144,240,0,0,0,0,1,1
0,192,0,192,0,144,144,192,0,144,288,0,240,0,240,144,144,480,0,0,144,144,144,240,144,240,0,192,144,336,0,144,144,192,144,144,240,0,0,0,0,44,2
0,192,0,192,0,144,144,192,0,144,288,0,240,0,240,144,144,480,0,0,288,0,144,384,0,144,144,192,288,0,144,288,0,192,288,0,240,0,0,0,0,51,3
0,144,0,192,0,144,144,192,0,144,144,144,240,0,240,144,144,480,0,0,144,144,144,384,0,144,144,192,288,0,144,288,0,192,288,0,240,0,0,0,0,5,4
0,1728,0,0,0,0,1104,0,0,0,0,0,0,0,0,0,0,0,288,0,0,0,0,1104,0,0,0,0,0,0,0,288,0,336,0,192,0,192,0,0,0,17,2
0,144,192,240,0,0,240,0,144,192,0,480,0,0,192,144,144,144,288,0,192,144,144,240,144,144,144,192,144,144,192,240,0,192,144,192,0,192,0,0,0,109,1
0,240,2448,0,0,0,0,0,0,0,0,0,0,0,0,0,0,0,0,0,624,0,0,384,0,0,0,336,0,288,0,288,0,192,336,0,0,192,0,0,0,109,1
0,192,0,192,0,144,240,0,144,192,0,192,240,0,240,144,288,0,288,0,336,0,144,384,0,240,0,192,144,336,0,288,0,192,336,0,0,192,0,0,0,49,2
0,192,0,336,0,0,384,0,0,192,0,432,0,0,384,0,288,0,288,0,336,0,144,336,0,288,0,336,0,336,0,288,0,336,0,192,0,192,0,0,0,27,4
0,144,2304,0,0,0,0,0,0,0,0,0,0,0,0,0,0,0,0,0,192,144,144,240,144,240,0,192,144,336,0,144,144,192,144,192,0,192,0,0,0,1,2
0,144,2304,0,0,0,0,0,0,0,0,0,0,0,0,0,0,0,0,0,192,144,144,240,144,240,0,192,144,336,0,144,144,192,144,192,0,192,0,0,0,0,5
0,144,0,336,0,0,384,0,0,192,0,432,0,0,384,0,288,0,288,0,336,0,144,384,0,240,0,336,0,336,0,288,0,336,0,192,0,192,0,0,0,0,5
0,192,0,192,0,144,192,0,192,192,0,192,240,0,192,144,144,144,288,0,192,144,144,240,144,144,144,192,144,288,0,288,0,192,144,192,0,192,0,0,0,15,1
0,144,0,336,0,0,384,0,0,192,0,432,0,0,384,0,288,0,288,0,336,0,144,384,0,240,0,192,144,336,0,288,0,336,0,192,0,192,0,0,0,0,5
0,144,0,192,0,144,384,0,0,192,0,432,0,0,384,0,288,0,288,0,336,0,144,384,0,240,0,192,144,336,0,288,0,192,336,0,0,192,0,0,0,1,0
0,144,2448,0,0,0,0,0,0,0,0,0,0,0,0,0,0,0,0,0,624,0,0,384,0,0,0,192,144,336,0,144,144,192,336,0,0,192,0,0,0,49,1
0,144,0,192,0,144,144,432,0,0,0,192,240,0,240,144,144,144,288,0,192,144,144,240,144,240,0,192,144,336,0,144,144,192,144,192,0,192,0,0,0,0,5
0,144,0,336,0,0,384,0,0,192,0,432,0,0,240,144,288,0,288,0,192,144,144,384,0,240,0,192,144,336,0,288,0,192,336,0,0,192,0,0,0,1,1
0,144,0,192,0,144,384,0,0,192,0,432,0,0,240,144,288,0,288,0,192,144,144,384,0,240,0,192,144,336,0,288,0,192,336,0,0,192,0,0,0,1,2
0,240,0,336,0,0,384,0,0,192,0,432,0,0,384,0,288,0,288,0,336,0,144,336,0,288,0,336,0,288,0,288,0,336,0,192,0,192,0,0,0,65,1
0,144,0,192,0,144,240,0,144,192,0,192,240,0,384,0,288,0,288,0,192,144,144,384,0,240,0,192,144,336,0,144,144,192,336,0,0,192,0,0,0,1,4
0,192,2304,0,0,0,0,0,0,0,0,0,0,0,0,0,0,0,0,0,336,0,144,192,144,144,144,192,144,144,192,288,0,192,336,0,0,192,0,0,0,31,2
0,144,192,240,0,0,240,0,144,192,0,480,0,0,192,144,144,144,288,0,192,144,144,240,144,144,144,192,144,144,192,240,0,192,144,192,0,192,0,0,0,109,0
0,240,0,192,0,144,240,0,144,192,0,192,240,0,384,0,288,0,288,0,336,0,144,336,0,288,0,192,144,336,0,288,0,336,0,192,0,192,0,0,0,78,2
0,192,0,192,0,144,192,0,192,192,0,192,240,0,240,144,288,0,288,0,336,0,144,336,0,288,0,192,144,144,192,288,0,192,336,0,0,192,0,0,0,37,1
0,144,0,192,0,144,144,432,0,0,0,192,240,0,240,144,144,144,288,0,192,144,144,240,144,240,0,192,144,336,0,144,144,192,144,192,0,192,0,0,0,1,1
0,144,2304,0,0,0,0,0,0,0,0,0,0,0,0,0,0,0,0,0,192,144,144,240,144,240,0,192,144,336,0,144,144,192,144,192,0,192,0,0,0,1,1
0,144,0,192,0,144,144,432,0,0,0,192,240,0,240,144,144,144,288,0,192,144,144,240,144,240,0,192,144,336,0,144,144,192,144,192,0,192,0,0,0,1,0
0,192,0,192,0,144,384,0,0,192,0,192,240,0,192,144,144,144,288,0,240,144,144,336,0,144,144,192,144,144,192,288,0,192,336,0,0,192,0,0,0,22,0
0,144,0,192,0,144,144,432,0,0,0,192,240,0,240,144,144,144,288,0,192,144,144,240,144,240,0,192,144,336,0,144,144,192,144,192,0,192,0,0,0,1,2
0,192,0,192,0,144,336,0,0,240,0,480,0,0,336,0,288,0,288,0,192,288,0,240,384,0,0,192,336,0,432,0,0,336,0,384,0,0,0,0,0,31,0
0,144,0,192,0,144,144,192,0,240,0,192,144,144,192,144,144,144,144,144,192,144,144,240,144,240,0,240,144,144,192,240,0,192,144,192,0,192,0,0,0,11,0
0,288,0,192,0,480,0,0,0,240,0,480,0,0,336,0,288,0,288,0,192,288,0,384,0,144,336,0,432,0,0,288,0,336,0,192,0,192,0,0,0,137,0
0,144,0,192,0,144,144,192,0,240,0,192,144,144,192,144,144,144,144,144,192,144,144,240,144,240,0,192,144,192,144,288,0,192,144,192,0,192,0,0,0,1,2
0,288,0,192,0,240,0,192,0,240,0,192,288,0,192,144,144,144,144,144,192,144,144,384,0,240,0,240,432,0,0,288,0,192,144,192,0,192,0,0,0,109,1
0,144,0,192,0,144,336,0,0,240,0,192,288,0,192,144,288,0,288,0,192,144,144,240,384,0,0,192,144,192,432,0,0,336,0,192,0,192,0,0,0,1,2
0,240,0,192,0,144,144,144,0,240,0,192,144,144,192,144,144,144,144,144,192,240,144,192,144,240,0,192,144,144,192,240,0,192,144,192,0,192,0,0,0,65,1
0,144,0,192,0,144,144,192,0,240,0,192,144,144,192,144,144,144,144,144,192,144,144,240,144,240,0,192,144,192,144,288,0,192,144,192,0,192,0,0,0,1,0
0,144,0,192,0,144,336,0,0,240,0,192,288,0,336,0,288,0,288,0,192,288,0,384,0,240,0,192,336,0,144,288,0,192,144,192,0,192,0,0,0,1,1
0,144,0,192,0,144,336,0,0,240,0,192,288,0,336,0,288,0,288,0,192,288,0,384,0,240,0,240,432,0,0,288,0,192,144,192,0,192,0,0,0,0,5
0,192,0,192,0,432,0,0,0,240,0,480,0,0,336,0,288,0,288,0,192,384,0,288,0,144,336,0,432,0,0,288,0,336,0,192,0,192,0,0,0,17,1
0,192,0,192,0,480,0,0,0,240,0,480,0,0,336,0,288,0,288,0,192,288,0,384,0,240,0,192,336,0,432,0,0,336,0,384,0,0,0,0,0,44,1
0,240,0,192,0,240,0,192,0,240,0,192,144,144,192,144,144,144,144,144,192,144,144,240,144,144,336,0,144,144,192,240,0,192,144,192,0,192,0,0,0,63,0
0,144,0,192,0,144,144,192,0,240,0,192,144,144,192,144,144,144,144,144,192,144,144,240,144,240,0,192,144,192,192,240,0,192,144,192,0,192,0,0,0,1,1
0,144,0,192,0,144,336,0,0,240,0,192,288,0,336,0,288,0,288,0,192,144,144,384,0,240,0,192,144,192,144,288,0,336,0,192,0,192,0,0,0,1,1
0,144,0,192,0,144,144,192,0,240,0,192,144,144,192,144,144,144,144,144,192,144,144,240,144,240,0,192,144,192,144,288,0,192,144,192,0,192,0,0,0,0,5
0,144,0,192,0,144,144,192,0,240,0,192,144,144,192,144,144,144,144,144,192,144,144,240,144,240,0,240,144,144,192,240,0,192,144,192,0,192,0,0,0,11,2
0,144,0,192,0,480,0,0,0,240,0,480,0,0,336,0,288,0,288,0,192,288,0,384,0,240,0,192,144,192,432,0,0,192,144,192,0,192,0,0,0,0,5
0,240,0,192,0,240,0,240,0,240,0,192,288,0,336,0,288,0,288,0,192,288,0,384,0,240,0,192,336,0,432,0,0,336,0,192,0,192,0,0,0,82,2
0,192,0,192,0,144,192,0,240,0,144,192,144,144,192,144,144,144,144,144,192,144,144,192,144,144,336,0,144,144,192,288,0,144,144,192,0,144,144,0,0,31,0
0,192,0,192,0,144,336,0,0,240,0,336,0,144,336,0,288,0,288,0,192,288,0,384,0,240,0,240,432,0,0,288,0,336,0,192,0,192,0,0,0,57,2
0,192,0,192,0,144,192,0,240,0,144,192,144,144,192,144,144,144,144,144,192,144,144,192,144,144,336,0,144,144,192,288,0,144,144,192,0,240,0,0,0,27,4
0,192,0,192,0,144,336,0,0,240,0,192,288,0,192,144,288,0,288,0,192,288,0,384,0,240,0,192,144,192,144,288,0,192,144,192,0,192,0,0,0,44,3
0,192,0,192,0,144,192,0,240,0,144,192,288,0,192,144,288,0,288,0,192,288,0,240,144,240,0,192,144,144,192,288,0,336,0,192,0,192,0,0,0,34,2
0,1296,0,0,0,528,960,0,0,0,0,0,0,0,0,0,0,0,288,0,0,0,0,1104,0,0,0,0,0,0,144,288,0,192,144,192,0,192,0,0,0,109,1
0,192,192,0,192,0,240,0,240,0,144,144,144,144,192,144,144,144,144,144,192,144,144,240,144,240,0,240,144,144,144,288,0,192,144,192,0,192,0,0,0,110,0
0,1728,0,0,0,0,240,0,384,0,0,0,0,0,0,0,0,0,288,0,0,144,144,240,144,240,384,288,0,0,0,288,0,192,528,0,0,0,0,0,0,15,1
0,192,0,192,0,144,192,0,384,0,0,288,0,336,0,144,288,0,528,0,0,144,144,240,144,240,0,336,0,288,0,288,0,336,0,192,0,192,0,0,0,17,2
0,144,0,192,0,144,240,0,384,0,0,288,0,336,0,144,288,0,288,0,192,288,0,384,0,240,0,384,0,288,0,288,0,336,0,192,0,192,0,0,0,11,4
0,192,0,192,0,144,192,0,240,0,144,288,0,144,384,0,288,0,288,0,192,144,144,240,144,240,0,192,144,144,144,336,0,336,0,192,0,192,0,0,0,37,0
0,1728,0,0,0,0,0,0,0,0,0,0,0,0,912,0,0,0,336,0,0,0,0,624,0,0,0,192,144,336,0,288,0,192,528,0,0,0,0,0,0,39,3
0,144,0,336,0,0,240,0,384,0,0,288,0,336,0,144,288,0,480,0,0,288,0,384,0,240,0,192,144,336,0,288,0,192,336,0,0,192,0,0,0,1,1
0,144,144,144,0,144,192,0,240,0,144,144,144,144,192,144,144,144,144,144,192,144,144,240,144,144,144,192,144,144,144,288,0,192,144,192,0,192,0,0,0,63,0
0,144,0,336,0,0,240,0,384,0,0,288,0,144,192,144,288,0,480,0,0,288,0,624,0,0,0,336,0,336,0,288,0,192,336,0,0,192,0,0,0,2,1
0,144,0,192,0,144,240,0,384,0,0,288,0,336,0,144,288,0,288,0,192,144,144,384,0,240,0,192,144,336,0,144,144,192,336,0,0,192,0,0,0,1,1
0,192,0,192,0,144,240,0,240,0,144,288,0,336,0,144,288,0,288,0,192,288,0,240,144,240,0,336,0,336,0,288,0,336,0,192,0,192,0,0,0,50,3
0,144,0,192,0,144,240,0,384,0,0,288,0,336,0,144,288,0,288,0,192,288,0,384,0,240,0,192,144,336,0,288,0,192,336,0,0,192,0,0,0,1,2
0,192,0,192,0,144,240,0,240,0,144,144,144,144,192,144,144,144,144,144,192,144,144,240,144,240,0,192,144,192,144,144,144,192,144,192,0,192,0,0,0,49,1
0,144,0,192,0,144,240,0,384,0,0,288,0,336,0,144,288,0,144,144,192,144,144,240,384,0,0,192,144,336,0,144,144,192,336,0,0,192,0,0,0,1,2
0,144,0,192,0,144,240,0,240,0,144,144,144,144,192,144,144,144,144,144,192,144,144,240,144,240,0,192,144,192,144,144,144,192,144,192,0,192,0,0,0,1,1
0,144,0,192,0,144,240,0,240,0,144,144,144,144,192,144,144,144,144,144,192,144,144,240,144,240,0,192,144,192,144,144,144,192,144,192,0,192,0,0,0,1,2
0,432,0,0,0,336,0,0,384,0,0,288,0,144,384,0,288,0,288,0,192,288,0,384,0,240,0,336,0,288,0,336,0,336,0,192,0,192,0,0,0,82,2
0,144,0,192,0,144,240,0,240,0,144,144,144,144,192,144,144,144,144,144,192,144,144,240,144,240,0,192,144,192,144,144,144,192,144,192,0,192,0,0,0,1,0
0,1728,0,0,0,0,240,0,384,0,0,0,0,0,0,0,0,0,624,0,0,0,0,576,0,0,0,192,144,336,0,288,0,192,528,0,0,0,0,0,0,1,4
0,1728,0,0,0,0,240,0,384,0,0,0,0,0,0,0,0,0,624,0,0,0,0,576,0,0,0,192,144,336,0,144,144,192,528,0,0,0,0,0,0,1,1
0,144,0,192,0,144,240,0,240,0,144,144,144,144,192,144,144,144,288,0,192,288,0,624,0,0,0,336,0,336,0,144,144,192,144,192,0,192,0,0,0,0,5
0,1728,0,0,0,0,1104,0,0,0,0,0,0,0,0,0,0,0,288,0,0,0,0,1104,0,0,0,0,0,0,0,288,0,192,144,192,0,192,0,0,0,15,4
0,144,0,192,0,144,240,0,384,0,0,288,0,336,0,144,288,0,144,144,192,144,144,240,144,240,0,192,144,336,0,144,144,192,336,0,0,192,0,0,0,0,5
0,576,0,0,0,0,192,0,384,0,0,288,0,144,384,0,288,0,480,0,0,288,0,624,0,0,0,336,0,288,0,288,0,192,528,0,0,0,0,0,0,64,0
0,144,0,192,0,144,240,0,384,0,0,288,0,336,0,144,288,0,288,0,192,144,144,240,384,0,0,192,144,336,0,288,0,192,336,0,0,192,0,0,0,1,0
0,432,0,0,0,144,192,0,240,0,144,288,0,144,240,144,144,144,144,144,192,144,144,240,144,240,0,192,144,288,0,336,0,192,336,0,0,192,0,0,0,82,1
0,144,0,192,0,144,240,0,240,0,144,144,144,144,192,144,144,144,144,144,192,144,144,240,144,240,0,192,144,192,144,144,144,192,144,192,0,192,0,0,0,0,5
0,144,0,192,0,144,240,0,384,0,0,288,0,336,0,144,288,0,288,0,192,144,144,384,0,240,0,192,144,336,0,288,0,336,0,192,0,192,0,0,0,0,5
0,1728,0,0,0,0,0,0,0,0,0,0,0,0,672,720,0,0,384,0,0,288,0,624,0,0,0,336,0,0,0,336,0,0,0,0,0,192,0,0,0,65,1
0,192,0,336,0,0,240,0,384,0,0,288,0,336,0,144,288,0,288,0,192,288,0,384,0,240,0,336,0,336,0,288,0,336,0,192,0,192,0,0,0,39,2
0,1728,0,0,0,0,480,0,0,0,0,0,0,144,0,0,0,0,144,144,0,144,144,624,0,0,0,192,144,336,0,144,144,192,336,0,0,192,0,0,0,1,2
0,1728,0,0,0,0,912,0,0,0,0,0,0,0,0,0,0,0,144,0,0,192,0,240,384,0,0,192,144,144,144,336,0,336,0,192,0,192,0,0,0,37,1
0,192,0,192,0,144,192,0,240,0,144,144,144,144,192,144,144,144,144,144,192,144,144,240,144,144,144,192,144,144,144,288,0,192,144,192,0,192,0,0,0,15,1
0,1728,0,0,0,0,912,0,0,0,0,0,0,0,0,0,0,0,336,0,0,0,0,624,0,0,0,336,0,336,0,288,0,336,0,192,0,192,0,0,0,52,2
0,1728,0,0,0,0,240,0,384,0,0,0,0,0,0,0,0,0,288,0,0,144,144,240,144,240,0,192,144,192,144,144,144,192,528,0,0,0,0,0,0,1,4
0,1728,0,0,0,0,1104,0,0,0,0,0,0,0,0,0,0,0,288,0,0,0,0,1104,0,0,0,0,0,0,0,288,0,336,0,192,0,192,0,0,0,17,0
0,1728,0,0,0,0,240,0,384,0,0,0,0,0,0,0,0,0,624,0,0,0,0,576,0,0,0,384,0,288,0,288,0,336,0,192,0,192,0,0,0,1,0
0,192,0,192,0,144,192,0,384,0,0,288,0,144,192,144,144,144,144,144,192,144,144,240,144,144,144,336,0,288,0,288,0,192,144,192,0,192,0,0,0,15,0
0,1728,0,0,0,0,912,0,0,0,0,0,0,0,0,0,0,0,336,0,0,0,0,1104,0,0,0,0,0,0,144,144,144,192,144,192,0,192,0,0,0,2,2
0,192,0,336,0,0,192,0,384,0,0,288,0,144,384,0,288,0,288,0,192,288,0,384,0,240,0,336,0,288,0,336,0,336,0,192,0,192,0,0,0,27,4
0,576,0,0,0,0,192,0,384,0,0,288,0,144,384,0,288,0,480,0,0,288,0,624,0,0,0,336,0,288,0,288,0,336,0,192,0,192,0,0,0,60,2
0,192,0,192,0,144,240,0,240,0,144,144,144,144,192,144,288,0,144,144,192,144,144,240,144,240,0,240,144,288,0,288,0,192,144,192,0,192,0,0,0,58,2
0,192,0,336,0,0,192,0,384,0,0,288,0,144,384,0,288,0,288,0,192,144,144,624,0,0,0,336,0,288,0,336,0,192,336,0,0,192,0,0,0,27,1
0,144,0,144,192,0,144,192,0,240,0,192,240,0,240,144,144,144,144,144,192,144,144,240,144,240,0,192,144,192,144,144,144,192,144,144,240,0,0,0,0,1,1
0,384,0,0,336,0,0,192,0,240,0,816,0,0,240,288,0,288,0,144,336,0,0,0,384,0,0,672,0,0,0,288,0,432,0,0,288,0,0,0,0,109,1
0,288,0,0,336,0,0,192,0,240,0,192,144,144,192,144,144,144,144,144,192,192,144,192,144,288,0,192,144,144,144,288,0,192,144,144,288,0,0,0,0,19,1
0,144,0,144,192,0,144,192,0,240,0,192,240,0,240,144,144,144,144,144,192,144,144,240,144,240,0,240,144,144,144,288,0,192,144,192,192,0,0,0,0,5,1
0,288,0,0,240,0,144,192,0,240,0,192,240,0,240,288,0,288,0,144,336,0,144,240,144,240,0,192,288,0,144,192,144,192,240,0,288,0,0,0,0,40,3
0,144,0,336,0,0,144,192,0,240,0,192,240,0,240,288,0,288,0,144,192,144,144,240,384,0,0,192,144,192,144,144,144,192,240,0,288,0,0,0,0,0,5
0,192,0,336,0,0,144,192,0,240,0,336,0,336,0,288,0,288,0,144,336,0,144,240,144,240,0,240,288,0,144,288,0,192,240,0,288,0,0,0,0,54,1
0,288,0,0,336,0,0,192,0,240,0,192,240,0,240,288,0,144,144,144,192,144,144,240,384,0,0,192,144,336,0,144,144,192,240,0,288,0,0,0,0,1,2
0,288,0,0,336,0,0,192,0,240,0,192,144,144,192,144,144,144,144,144,192,192,144,192,144,288,0,192,144,144,144,288,0,192,144,144,144,144,0,0,0,19,0
0,144,192,0,240,0,144,192,0,240,0,288,0,144,240,144,144,144,144,144,192,144,144,192,144,288,0,192,144,144,144,192,144,192,240,0,288,0,0,0,0,82,2
0,144,0,144,192,0,144,192,0,240,0,192,240,0,240,144,144,144,144,144,192,144,144,240,144,240,0,192,144,192,144,144,144,192,144,144,240,0,0,0,0,1,0
0,144,0,144,192,0,144,192,0,240,0,192,240,0,240,288,0,288,0,144,336,0,144,240,144,240,0,336,0,336,0,144,144,192,336,0,192,0,0,0,0,1,0
0,192,0,144,192,0,144,192,0,240,0,192,240,0,240,144,144,144,144,144,192,144,144,240,144,240,0,192,144,144,144,192,144,192,144,144,240,0,0,0,0,40,0
0,144,240,0,192,0,144,192,0,240,0,192,144,144,192,144,144,144,144,144,192,144,144,240,144,240,0,240,144,144,144,288,0,192,240,0,288,0,0,0,0,109,1
0,528,0,0,0,0,144,192,0,240,0,480,0,0,480,0,0,432,0,0,336,0,336,0,432,0,0,336,0,336,0,288,0,432,0,0,288,0,0,0,0,40,0
0,336,0,0,240,0,144,192,0,240,0,816,0,0,528,0,0,288,0,480,0,0,0,0,384,0,0,672,0,0,0,288,0,432,0,0,288,0,0,0,0,82,2
0,144,192,0,192,0,144,192,0,240,0,192,144,144,192,144,144,144,144,144,192,144,144,240,144,240,0,240,144,144,144,288,0,192,144,144,240,0,0,0,0,62,2
0,384,0,0,240,0,144,192,0,240,0,432,0,0,528,0,0,432,0,0,336,0,336,0,432,0,0,336,0,336,0,288,0,432,0,0,288,0,0,0,0,137,0
0,336,0,0,336,0,0,192,0,240,0,336,0,144,192,144,144,144,144,144,192,192,144,192,144,288,0,192,144,144,144,192,144,144,240,0,336,0,0,0,0,69,0
0,528,0,0,0,0,144,192,0,240,0,480,0,0,480,0,0,432,0,0,336,0,336,0,432,0,0,192,144,336,0,288,0,432,0,0,288,0,0,0,0,21,2
0,144,0,144,192,0,144,192,0,240,0,192,240,0,240,144,144,288,0,144,336,0,144,336,288,0,0,240,432,0,0,144,144,192,240,0,288,0,0,0,0,3,2
0,144,0,144,192,0,144,192,0,240,0,192,240,0,240,144,144,144,144,144,192,144,144,240,144,240,0,192,144,192,144,144,144,192,144,144,240,0,0,0,0,0,5
0,144,0,336,0,0,144,192,0,240,0,192,240,0,240,288,0,288,0,336,0,144,144,240,144,240,0,192,144,336,0,144,144,192,240,0,288,0,0,0,0,1,1
0,336,0,0,336,0,0,192,0,240,0,480,0,0,240,288,0,432,0,0,336,0,144,192,144,288,0,336,0,288,0,288,0,432,0,0,288,0,0,0,0,65,2
0,288,0,0,336,0,0,192,0,240,0,336,0,336,0,288,0,288,0,336,0,192,144,336,0,288,0,192,288,0,144,288,0,192,240,0,288,0,0,0,0,17,0
0,336,0,0,240,0,144,192,0,240,0,432,0,0,528,0,0,288,0,480,0,0,144,336,0,288,0,336,0,336,0,288,0,432,0,0,288,0,0,0,0,82,1
0,144,0,336,0,0,144,192,0,240,0,336,0,336,0,288,0,288,0,144,336,0,144,240,384,0,0,240,288,0,144,288,0,432,0,0,288,0,0,0,0,11,2
0,336,0,0,240,0,144,192,144,240,0,816,0,0,384,0,0,288,0,480,0,0,144,240,144,0,0,672,0,0,0,288,0,192,0,0,288,0,0,0,0,17,4
0,288,0,0,240,0,144,192,0,240,0,288,0,144,240,144,144,144,144,144,192,144,144,192,144,288,0,192,144,144,144,192,144,192,240,0,144,144,0,0,0,37,1
0,288,0,0,336,0,0,192,0,240,0,432,0,0,240,288,0,288,0,336,0,144,144,336,288,0,0,192,144,336,0,144,144,432,0,0,288,0,0,0,0,0,2
0,288,0,0,336,0,0,192,0,240,0,816,0,0,528,0,0,288,0,480,0,0,0,0,384,0,0,240,288,0,144,288,0,432,0,0,288,0,0,0,0,11,1
0,144,0,336,0,0,144,192,0,240,0,192,240,0,240,288,0,288,0,144,336,0,144,240,144,240,0,192,144,336,0,288,0,192,336,0,192,0,0,0,0,0,5
0,288,0,0,240,0,144,192,0,240,0,192,240,0,528,0,0,288,0,144,336,0,144,240,384,0,0,336,0,336,0,288,0,432,0,0,288,0,0,0,0,48,2
0,144,0,336,0,0,144,192,0,240,0,192,240,0,240,288,0,288,0,144,336,0,144,240,384,0,0,192,144,336,0,144,144,432,0,0,288,0,0,0,0,1,0
0,144,0,144,192,0,144,192,0,240,0,192,240,0,240,144,144,144,144,144,192,144,144,240,144,240,0,192,144,192,144,144,144,192,144,144,240,0,0,0,0,1,2
0,624,0,0,0,0,0,192,0,240,0,432,0,0,240,288,0,432,0,0,336,0,144,336,288,0,0,336,0,336,0,144,144,432,0,0,288,0,0,0,0,1,1
0,144,0,144,192,0,144,192,0,240,0,192,240,0,240,288,0,144,144,144,336,0,144,240,144,240,0,336,0,192,144,144,144,192,336,0,192,0,0,0,0,0,5
0,288,0,0,336,0,0,192,0,240,0,336,0,336,0,288,0,288,0,336,0,192,144,336,0,288,0,192,432,0,0,288,0,432,0,0,288,0,0,0,0,17,4
0,144,0,336,0,0,144,192,0,240,0,432,0,0,240,288,0,288,0,336,0,144,144,336,288,0,0,336,0,336,0,288,0,432,0,0,288,0,0,0,0,1,4
0,288,0,0,240,0,432,0,384,720,0,0,0,0,0,0,0,672,0,0,0,480,0,480,0,0,0,288,0,288,0,384,0,432,0,0,0,144,0,0,0,17,2
240,0,384,0,0,0,384,0,0,0,432,0,0,480,0,528,0,0,0,624,432,0,0,1008,0,0,0,384,0,0,384,0,0,0,0,0,0,0,0,0,0,65,1
0,480,0,0,0,192,240,0,672,0,0,288,0,0,240,144,720,0,0,192,0,0,144,288,432,0,192,0,0,0,288,0,384,384,0,0,0,0,0,0,0,62,2
0,144,144,0,144,192,0,240,192,0,0,192,336,0,144,144,144,288,0,144,192,384,0,288,0,144,144,192,144,480,0,0,288,0,240,0,144,144,0,0,0,15,3
0,144,144,192,0,240,0,0,144,240,0,288,0,192,144,144,144,144,144,240,144,144,192,288,0,144,336,0,144,144,336,0,144,144,144,192,0,144,144,0,0,21,4
0,336,192,0,192,0,0,192,240,0,0,192,336,336,0,240,0,144,288,0,240,144,0,192,240,144,144,144,144,240,0,336,192,144,0,192,0,144,0,0,0,113,0
0,240,144,144,240,144,528,288,144,0,0,192,0,0,0,288,144,240,144,0,912,0,192,288,288,0,144,0,144,0,288,0,0,192,0,0,0,0,0,0,0,113,0
0,192,336,0,192,0,0,672,336,0,0,0,288,0,0,0,288,816,480,0,0,288,0,0,0,336,0,720,0,0,0,0,192,0,0,0,0,144,0,0,0,50,3
0,144,144,0,336,0,0,192,384,0,0,240,0,240,192,0,144,144,240,240,0,192,144,192,240,144,0,192,144,192,144,144,144,192,144,192,0,144,144,0,0,1,3
192,0,384,864,288,0,0,0,0,0,0,0,0,0,384,0,0,960,912,0,0,0,0,0,336,0,0,528,0,0,0,0,0,0,432,0,0,0,0,0,0,65,0
0,288,240,0,240,0,0,0,288,0,576,0,0,0,528,432,0,0,0,0,336,624,0,288,0,0,0,288,0,0,240,336,192,0,0,192,0,192,0,0,0,65,1
0,432,432,0,0,0,0,0,384,576,0,0,0,0,0,624,0,0,0,288,0,240,576,336,0,144,432,0,288,0,0,0,0,528,0,0,0,0,0,0,0,27,4
192,0,240,0,0,240,144,0,0,480,144,144,0,0,144,144,432,0,0,480,0,0,144,240,288,336,0,0,288,144,0,336,192,0,480,0,0,0,0,0,0,15,4
0,480,0,240,0,0,192,0,240,432,0,384,0,624,0,0,288,0,0,0,384,288,672,0,288,192,0,0,0,0,528,0,144,0,0,0,0,0,0,0,0,133,0
0,480,480,0,0,240,0,336,0,0,0,0,0,0,384,0,624,1392,0,0,0,0,0,0,0,336,0,0,0,0,528,0,192,288,0,0,0,0,0,0,0,53,3
144,0,192,0,0,144,144,288,0,144,0,240,192,0,240,144,144,144,288,0,192,288,0,528,0,0,144,144,144,336,0,144,144,192,144,144,144,0,144,0,0,1,3
144,0,288,0,0,240,0,144,240,0,144,192,336,0,192,0,192,240,0,192,144,336,0,192,144,288,192,0,192,240,0,192,144,192,192,0,144,144,0,0,0,63,2
0,336,288,0,0,0,0,192,240,0,0,192,144,144,192,144,144,144,144,144,192,192,144,192,288,0,336,0,192,288,144,144,0,144,144,192,0,192,0,0,0,17,4
0,384,0,0,0,384,1008,0,0,0,0,384,0,576,0,576,0,0,0,0,0,0,0,0,0,240,240,144,0,144,192,192,144,288,144,192,0,0,0,0,0,14,1
0,144,480,0,0,0,192,0,0,432,0,240,0,240,0,240,336,0,0,432,288,0,0,288,288,288,0,0,528,0,0,0,432,0,0,144,240,0,0,0,0,9,4
0,288,240,144,0,0,0,672,0,0,0,624,0,0,912,0,0,432,0,0,0,432,0,0,0,0,336,0,432,0,384,432,0,0,0,0,0,0,0,0,0,82,2
0,288,144,0,0,288,240,0,0,288,0,528,0,0,0,576,0,768,432,0,288,0,0,0,0,0,768,0,0,0,0,0,336,0,192,144,0,0,0,0,0,43,3
0,288,624,192,0,0,0,0,0,0,0,192,912,0,0,0,816,672,0,0,0,0,0,0,0,0,0,288,432,528,0,0,336,0,0,0,0,0,0,0,0,64,1
0,144,384,0,0,0,288,0,432,0,288,0,336,0,192,0,0,432,0,0,432,192,0,192,0,816,0,384,0,0,0,0,0,336,0,384,0,0,0,0,0,8,4
0,192,336,0,0,240,0,384,0,0,0,480,0,0,624,0,0,432,0,0,768,0,0,960,0,0,0,0,192,0,0,0,288,0,192,0,192,0,0,0,0,45,3
144,0,192,0,0,144,240,0,240,192,0,240,0,144,192,144,144,192,288,144,144,0,144,240,288,0,144,144,144,192,144,144,144,192,144,192,0,192,0,0,0,1,3
0,480,528,0,0,240,0,240,0,288,0,0,0,1392,0,0,0,0,0,0,0,0,0,480,0,0,672,0,0,0,0,528,0,192,336,0,0,0,0,0,0,136,0
144,0,192,192,0,432,0,0,240,0,0,528,0,0,0,144,144,576,0,288,288,288,0,0,672,0,0,0,288,0,0,0,624,0,0,192,0,0,0,0,0,14,4
0,192,144,0,144,144,240,0,480,240,0,0,0,0,192,144,240,144,192,0,240,288,0,336,144,0,336,0,192,240,0,192,144,144,144,192,0,192,0,0,0,65,2
0,384,0,240,0,336,432,0,0,0,0,672,144,288,0,0,0,0,336,0,0,624,864,0,288,0,0,0,0,0,0,0,0,192,288,0,0,192,0,0,0,54,3
0,384,0,432,0,0,0,768,0,0,0,0,0,0,1200,0,0,1152,0,0,0,0,0,0,0,240,0,0,0,432,0,0,0,672,0,0,0,0,0,0,0,61,2
0,672,672,0,0,0,672,0,0,0,0,0,480,0,0,0,0,0,0,0,288,0,144,432,0,240,0,192,240,192,0,192,144,336,0,192,0,144,0,0,0,7,3
240,0,144,0,288,0,0,192,240,0,0,384,0,240,144,192,0,144,192,288,0,288,0,240,240,240,0,144,192,144,144,240,432,0,0,0,288,0,0,0,0,60,2
0,384,0,144,0,0,192,144,0,240,0,336,0,144,192,288,0,192,192,144,240,0,192,192,240,192,0,192,288,144,0,192,144,288,0,192,0,192,0,0,0,60,2
0,192,288,0,0,144,0,192,192,240,144,144,0,0,192,144,144,144,144,144,384,0,480,0,0,144,144,192,144,144,192,144,144,288,0,192,0,144,144,0,0,22,3
0,144,432,0,0,0,192,0,144,336,288,144,192,0,0,0,144,192,144,144,192,144,192,288,0,144,144,192,144,144,288,192,192,0,192,0,144,192,0,0,0,27,4
240,0,336,192,0,0,0,0,192,480,0,0,1248,0,0,0,0,528,192,0,0,0,0,0,624,0,0,576,0,0,0,0,240,240,0,0,0,192,0,0,0,54,3
0,336,528,0,0,0,0,0,336,384,0,0,0,240,528,576,0,0,336,0,0,720,0,576,0,0,0,0,0,336,432,0,0,0,0,0,0,0,0,0,0,109,1
0,672,0,192,0,0,0,0,336,336,0,0,288,0,528,432,0,0,0,0,192,0,1104,0,432,528,0,0,0,0,0,0,0,0,0,0,192,0,0,0,0,17,0
0,288,864,0,0,0,480,144,144,0,0,720,0,0,0,0,0,0,0,288,432,0,288,0,384,0,336,0,192,0,0,0,480,0,192,0,0,0,0,0,0,17,4
0,624,0,0,0,576,0,0,672,0,0,0,288,0,624,0,0,432,288,432,0,0,0,0,240,0,0,0,336,0,432,0,432,0,0,0,0,0,0,0,0,137,0
0,144,816,0,0,0,288,0,240,960,0,0,0,0,0,0,0,288,0,528,0,0,0,0,576,240,0,384,288,0,0,0,576,0,0,0,0,0,0,0,0,109,1
0,672,0,0,0,864,0,0,0,0,0,336,0,0,624,816,816,0,0,192,0,0,0,0,0,0,0,0,0,0,0,336,576,0,0,0,0,0,0,0,0,0,5
0,624,0,0,0,0,864,0,0,0,0,384,0,0,528,0,624,0,0,0,0,0,0,768,0,0,624,0,0,0,0,336,0,528,0,0,0,0,0,0,0,54,3
0,192,0,240,0,288,0,0,240,0,144,336,0,240,192,0,480,0,336,0,0,288,0,192,288,480,0,0,0,192,384,0,192,0,336,0,0,192,0,0,0,17,2
0,480,0,0,0,240,0,864,0,0,0,0,0,240,432,0,0,288,0,0,432,0,0,288,336,0,0,432,528,0,0,0,0,432,288,0,0,0,0,0,0,62,2
0,624,0,0,0,0,960,0,0,0,0,0,0,864,0,0,0,0,0,432,0,672,0,384,0,768,0,0,0,0,0,0,336,0,0,288,0,0,0,0,0,82,2
0,288,192,0,0,192,0,144,0,144,144,144,336,0,144,480,0,432,0,0,0,336,0,192,144,288,0,336,0,144,144,192,288,192,0,336,0,0,0,0,0,17,2
0,288,0,288,0,0,288,0,672,0,0,240,0,0,240,0,0,432,0,0,432,192,0,720,0,0,288,0,0,528,0,0,288,336,0,0,0,0,0,0,0,17,1
0,336,0,288,0,192,0,0,0,816,0,0,144,0,0,288,624,0,0,0,0,528,0,480,0,0,0,624,0,0,0,384,0,0,144,384,0,0,0,0,0,16,1
0,336,432,0,0,0,0,0,624,0,0,0,672,288,0,0,1008,0,0,0,672,0,0,0,720,0,0,0,0,0,480,0,0,0,0,0,0,0,0,0,0,17,2
0,480,288,288,0,0,288,288,0,0,0,0,0,0,432,0,864,0,0,0,960,0,1056,0,0,0,0,0,0,0,0,192,0,0,0,192,0,0,0,0,0,109,1
0,240,288,0,336,672,0,0,0,0,720,0,384,0,0,0,0,0,0,432,0,288,960,0,0,0,0,432,0,0,0,0,528,0,0,0,0,0,0,0,0,64,2
0,192,480,0,0,240,0,0,384,0,0,240,384,0,0,0,576,288,0,0,0,144,288,0,288,192,0,144,288,0,192,192,192,192,0,192,0,192,0,0,0,65,0
0,144,240,240,0,0,192,0,0,432,0,0,576,0,0,288,0,144,144,432,0,336,0,0,816,0,0,0,0,480,0,0,384,0,0,192,192,0,0,0,0,16,1
0,432,0,0,192,432,0,0,0,0,0,432,672,0,0,0,336,336,0,0,0,0,912,1056,0,0,0,0,0,0,0,0,0,432,0,0,0,0,0,0,0,17,1
0,480,624,0,0,0,0,288,0,0,0,0,144,0,576,0,0,336,0,0,384,480,0,0,0,192,288,144,0,480,192,0,0,288,0,192,144,0,0,0,0,16,3
0,192,0,192,0,240,144,0,288,0,288,192,0,0,288,816,0,720,0,0,0,0,0,0,0,240,0,1152,0,0,0,0,192,336,0,0,0,0,0,0,0,49,2
0,288,432,144,0,0,0,0,0,192,0,480,336,0,0,0,192,144,240,0,192,144,144,480,0,384,576,336,0,0,0,0,336,0,0,0,0,192,0,0,0,13,3
0,288,288,192,0,0,0,384,0,0,240,384,0,0,0,240,0,288,672,0,624,480,0,1152,0,0,0,0,0,0,0,0,0,0,0,0,0,0,0,0,0,17,4
192,0,240,0,0,144,240,192,144,0,0,144,288,0,192,144,144,144,288,0,480,384,0,0,0,288,0,192,144,144,288,192,0,192,144,144,192,0,0,0,0,65,2
0,240,240,0,0,480,0,0,192,0,144,192,0,576,528,288,0,0,0,336,0,0,0,240,816,0,0,0,0,0,240,0,336,192,288,0,0,0,0,0,0,109,0
0,240,0,0,144,720,0,0,624,0,0,0,0,0,240,336,0,0,0,624,0,0,0,432,0,288,0,432,0,0,432,0,288,432,0,0,0,0,0,0,0,0,5
0,384,0,0,720,0,0,192,0,0,0,336,0,0,480,768,0,0,0,624,0,0,0,768,0,0,0,0,432,0,0,0,0,288,0,0,288,0,0,0,0,54,2
336,0,0,0,432,0,0,576,0,288,0,0,0,768,0,0,0,624,0,960,0,0,0,0,0,0,0,0,0,576,0,0,192,336,0,0,192,0,0,0,0,51,3
144,240,240,0,0,0,1008,0,432,0,288,0,0,0,288,0,0,0,0,0,240,336,288,0,0,624,0,0,864,0,0,0,0,336,0,0,0,0,0,0,0,109,1
144,240,0,0,0,192,144,144,288,0,0,144,144,144,144,288,0,288,0,624,0,624,0,0,0,0,912,0,0,0,0,432,0,0,0,336,0,0,0,0,0,17,4
0,192,528,480,0,0,0,0,816,0,0,528,0,0,528,0,0,0,288,0,0,576,0,0,0,0,0,0,576,0,0,0,288,0,144,192,0,192,0,0,0,111,0
144,0,192,0,336,0,0,192,0,144,288,0,144,528,144,0,240,0,0,144,192,144,144,240,144,144,192,144,192,144,288,0,288,0,240,0,144,144,0,0,0,63,2
0,192,432,0,0,288,0,0,0,240,0,480,1248,0,0,0,576,0,336,0,0,0,0,0,0,0,432,0,0,384,0,0,288,0,432,0,0,0,0,0,0,109,1
0,240,240,0,0,288,0,144,0,288,0,288,0,192,240,144,192,0,432,0,192,144,0,432,0,240,0,192,288,0,144,192,288,0,336,0,0,192,0,0,0,109,1
144,336,144,0,0,0,144,288,0,0,144,288,384,144,0,0,144,144,192,288,144,144,0,288,192,0,336,0,144,144,144,192,144,144,192,192,0,192,0,0,0,127,0
0,720,576,0,0,864,0,0,0,0,0,0,288,0,0,0,0,0,0,0,816,0,0,0,480,0,0,288,144,0,384,0,288,0,0,192,192,0,0,0,0,17,2
0,144,432,0,0,0,672,0,480,240,0,0,0,240,384,0,0,0,0,0,480,0,0,768,0,576,0,0,0,288,144,0,0,0,192,0,288,0,0,0,0,108,1
0,288,672,0,0,0,432,0,0,0,0,384,576,624,0,0,0,0,0,0,0,0,864,0,0,624,0,0,0,0,432,0,0,192,288,0,0,0,0,0,0,137,0
0,480,0,0,288,0,432,0,0,0,0,480,1344,0,0,288,0,0,0,0,0,0,0,0,912,0,0,0,0,0,288,0,432,0,336,0,0,0,0,0,0,65,2
0,192,144,0,240,0,288,0,192,480,0,528,0,336,0,0,480,0,0,480,0,384,0,0,0,768,0,0,0,288,0,0,0,0,288,0,0,144,0,0,0,9,4
0,288,336,0,0,0,528,1200,0,0,0,672,0,0,0,0,0,0,0,0,0,336,0,0,672,0,0,0,576,0,0,0,0,192,192,192,144,0,0,0,0,109,1
192,0,288,1248,0,0,0,0,288,0,0,624,0,0,0,0,0,1296,0,0,0,0,0,0,0,0,0,0,432,0,0,432,0,576,0,0,0,0,0,0,0,137,0
0,288,768,0,0,0,0,0,0,240,0,672,0,0,0,384,0,0,0,144,288,192,0,576,0,240,0,0,144,336,384,0,432,0,0,0,0,192,0,0,0,48,3
0,144,144,0,432,0,0,0,192,144,0,192,192,288,144,0,144,192,432,0,0,144,144,240,144,192,240,0,144,192,144,144,144,240,288,0,0,192,0,0,0,1,3
144,0,144,0,720,0,480,0,0,0,0,0,0,336,720,0,0,0,432,0,0,0,0,432,0,432,0,0,432,0,0,144,288,144,0,144,240,0,0,0,0,17,4
0,288,480,0,0,0,0,0,240,288,0,0,432,0,192,0,144,432,0,0,384,0,336,0,240,240,144,0,288,0,192,240,0,432,0,0,288,0,0,0,0,65,0
0,288,528,0,0,0,816,0,0,0,0,1152,0,0,0,0,0,0,0,528,0,576,0,0,0,288,0,0,0,672,0,0,432,0,0,0,0,0,0,0,0,65,1
0,576,0,0,240,0,624,432,0,528,0,0,0,0,0,0,0,0,0,288,0,336,0,288,0,432,576,0,432,0,336,0,0,0,0,0,0,144,0,0,0,17,0
0,624,0,192,0,0,0,0,432,0,0,864,384,0,0,0,0,0,0,0,144,144,336,480,432,0,0,672,192,0,0,144,0,0,0,192,0,0,0,0,0,2,0
0,336,384,0,0,0,384,336,0,0,0,0,432,0,288,0,0,0,144,144,192,192,144,192,432,0,240,0,1056,0,0,0,144,0,0,0,0,192,0,0,0,7,3
0,384,0,192,0,144,0,288,0,288,0,336,0,336,0,0,432,0,0,624,0,0,0,384,0,384,144,0,432,0,0,432,192,192,0,0,144,0,0,0,0,108,1
0,144,288,0,0,192,0,192,0,192,192,192,0,192,144,144,144,144,144,144,192,336,0,240,144,288,144,0,144,144,144,192,144,144,144,144,192,0,144,0,0,20,3
0,192,0,144,0,576,0,0,0,144,0,384,144,288,0,0,144,288,0,144,192,192,144,192,144,240,0,288,240,0,144,144,144,240,288,0,0,192,0,0,0,2,4
